"source","hyper_method","kernel","nominal","empirical"
"spike","multistart_eb","rbf",0.5,0.812611540749554
"spike","multistart_eb","rbf",0.6,0.843545508625818
"spike","multistart_eb","rbf",0.7,0.869720404521118
"spike","multistart_eb","rbf",0.8,0.894705532421178
"spike","multistart_eb","rbf",0.9,0.917906008328376
"spike","multistart_eb","rbf",0.95,0.933372992266508
"spike","multistart_eb","rbf",0.975,0.941106484235574
"spike","multistart_eb","rbf",0.99,0.949434860202261
"spike","multistart_eb","matern05",0.5,0.92325996430696
"spike","multistart_eb","matern05",0.6,0.93575252825699
"spike","multistart_eb","matern05",0.7,0.944675788221297
"spike","multistart_eb","matern05",0.8,0.954788816180845
"spike","multistart_eb","matern05",0.9,0.966091612135634
"spike","multistart_eb","matern05",0.95,0.972040452111838
"spike","multistart_eb","matern05",0.975,0.976204640095181
"spike","multistart_eb","matern05",0.99,0.982153480071386
"spike","multistart_eb","matern15",0.5,0.861986912552052
"spike","multistart_eb","matern15",0.6,0.894110648423557
"spike","multistart_eb","matern15",0.7,0.917311124330755
"spike","multistart_eb","matern15",0.8,0.933967876264128
"spike","multistart_eb","matern15",0.9,0.94824509220702
"spike","multistart_eb","matern15",0.95,0.957168352171327
"spike","multistart_eb","matern15",0.975,0.962522308149911
"spike","multistart_eb","matern15",0.99,0.966686496133254
"spike","multistart_eb","matern25",0.5,0.848304580606782
"spike","multistart_eb","matern25",0.6,0.8720999405116
"spike","multistart_eb","matern25",0.7,0.902439024390244
"spike","multistart_eb","matern25",0.8,0.92266508030934
"spike","multistart_eb","matern25",0.9,0.938726948245092
"spike","multistart_eb","matern25",0.95,0.950624628197501
"spike","multistart_eb","matern25",0.975,0.957763236168947
"spike","multistart_eb","matern25",0.99,0.96192742415229
"spike","map","rbf",0.5,0.82034503271862
"spike","map","rbf",0.6,0.847114812611541
"spike","map","rbf",0.7,0.869125520523498
"spike","map","rbf",0.8,0.895895300416419
"spike","map","rbf",0.9,0.917906008328376
"spike","map","rbf",0.95,0.930993456276026
"spike","map","rbf",0.975,0.939321832242713
"spike","map","rbf",0.99,0.94824509220702
"spike","map","matern05",0.5,0.923854848304581
"spike","map","matern05",0.6,0.933967876264128
"spike","map","matern05",0.7,0.942891136228435
"spike","map","matern05",0.8,0.951814396192742
"spike","map","matern05",0.9,0.965496728138013
"spike","map","matern05",0.95,0.971445568114218
"spike","map","matern05",0.975,0.975014872099941
"spike","map","matern05",0.99,0.982153480071386
"spike","map","matern15",0.5,0.863771564544914
"spike","map","matern15",0.6,0.894705532421178
"spike","map","matern15",0.7,0.916121356335515
"spike","map","matern15",0.8,0.932778108268888
"spike","map","matern15",0.9,0.947650208209399
"spike","map","matern15",0.95,0.955978584176086
"spike","map","matern15",0.975,0.96192742415229
"spike","map","matern15",0.99,0.966686496133254
"spike","map","matern25",0.5,0.850089232599643
"spike","map","matern25",0.6,0.873884592504462
"spike","map","matern25",0.7,0.900654372397383
"spike","map","matern25",0.8,0.920285544318858
"spike","map","matern25",0.9,0.938726948245092
"spike","map","matern25",0.95,0.950029744199881
"spike","map","matern25",0.975,0.954788816180845
"spike","map","matern25",0.99,0.960142772159429
"broad_plus_sharp","multistart_eb","rbf",0.5,0.499107674003569
"broad_plus_sharp","multistart_eb","rbf",0.6,0.601427721594289
"broad_plus_sharp","multistart_eb","rbf",0.7,0.70553242117787
"broad_plus_sharp","multistart_eb","rbf",0.8,0.802498512790006
"broad_plus_sharp","multistart_eb","rbf",0.9,0.885782272456871
"broad_plus_sharp","multistart_eb","rbf",0.95,0.904818560380726
"broad_plus_sharp","multistart_eb","rbf",0.975,0.911957168352171
"broad_plus_sharp","multistart_eb","rbf",0.99,0.922070196311719
"broad_plus_sharp","multistart_eb","matern05",0.5,0.829268292682927
"broad_plus_sharp","multistart_eb","matern05",0.6,0.895300416418798
"broad_plus_sharp","multistart_eb","matern05",0.7,0.942296252230815
"broad_plus_sharp","multistart_eb","matern05",0.8,0.96133254015467
"broad_plus_sharp","multistart_eb","matern05",0.9,0.983343248066627
"broad_plus_sharp","multistart_eb","matern05",0.95,0.989886972040452
"broad_plus_sharp","multistart_eb","matern05",0.975,0.992266508030934
"broad_plus_sharp","multistart_eb","matern05",0.99,0.992266508030934
"broad_plus_sharp","multistart_eb","matern15",0.5,0.707911957168352
"broad_plus_sharp","multistart_eb","matern15",0.6,0.78167757287329
"broad_plus_sharp","multistart_eb","matern15",0.7,0.850684116597264
"broad_plus_sharp","multistart_eb","matern15",0.8,0.908387864366449
"broad_plus_sharp","multistart_eb","matern15",0.9,0.93634741225461
"broad_plus_sharp","multistart_eb","matern15",0.95,0.942296252230815
"broad_plus_sharp","multistart_eb","matern15",0.975,0.953599048185604
"broad_plus_sharp","multistart_eb","matern15",0.99,0.963712076145152
"broad_plus_sharp","multistart_eb","matern25",0.5,0.640095181439619
"broad_plus_sharp","multistart_eb","matern25",0.6,0.742415229030339
"broad_plus_sharp","multistart_eb","matern25",0.7,0.817370612730518
"broad_plus_sharp","multistart_eb","matern25",0.8,0.886377156454491
"broad_plus_sharp","multistart_eb","matern25",0.9,0.917906008328376
"broad_plus_sharp","multistart_eb","matern25",0.95,0.926234384295062
"broad_plus_sharp","multistart_eb","matern25",0.975,0.935157644259369
"broad_plus_sharp","multistart_eb","matern25",0.99,0.945865556216538
"broad_plus_sharp","map","rbf",0.5,0.477691850089233
"broad_plus_sharp","map","rbf",0.6,0.581796549672814
"broad_plus_sharp","map","rbf",0.7,0.690660321237359
"broad_plus_sharp","map","rbf",0.8,0.79476502082094
"broad_plus_sharp","map","rbf",0.9,0.876264128494944
"broad_plus_sharp","map","rbf",0.95,0.904818560380726
"broad_plus_sharp","map","rbf",0.975,0.911362284354551
"broad_plus_sharp","map","rbf",0.99,0.919690660321237
"broad_plus_sharp","map","matern05",0.5,0.849494348602023
"broad_plus_sharp","map","matern05",0.6,0.911957168352171
"broad_plus_sharp","map","matern05",0.7,0.950624628197501
"broad_plus_sharp","map","matern05",0.8,0.964306960142772
"broad_plus_sharp","map","matern05",0.9,0.985127900059488
"broad_plus_sharp","map","matern05",0.95,0.989886972040452
"broad_plus_sharp","map","matern05",0.975,0.992266508030934
"broad_plus_sharp","map","matern05",0.99,0.992266508030934
"broad_plus_sharp","map","matern15",0.5,0.702558001189768
"broad_plus_sharp","map","matern15",0.6,0.776918500892326
"broad_plus_sharp","map","matern15",0.7,0.848304580606782
"broad_plus_sharp","map","matern15",0.8,0.905413444378346
"broad_plus_sharp","map","matern15",0.9,0.93634741225461
"broad_plus_sharp","map","matern15",0.95,0.942891136228435
"broad_plus_sharp","map","matern15",0.975,0.952409280190363
"broad_plus_sharp","map","matern15",0.99,0.964306960142772
"broad_plus_sharp","map","matern25",0.5,0.629387269482451
"broad_plus_sharp","map","matern25",0.6,0.734681737061273
"broad_plus_sharp","map","matern25",0.7,0.814396192742415
"broad_plus_sharp","map","matern25",0.8,0.879238548483046
"broad_plus_sharp","map","matern25",0.9,0.917906008328376
"broad_plus_sharp","map","matern25",0.95,0.925639500297442
"broad_plus_sharp","map","matern25",0.975,0.933967876264128
"broad_plus_sharp","map","matern25",0.99,0.945270672218917
"dipole","multistart_eb","rbf",0.5,0.762046400951814
"dipole","multistart_eb","rbf",0.6,0.822129684711481
"dipole","multistart_eb","rbf",0.7,0.866151100535396
"dipole","multistart_eb","rbf",0.8,0.908387864366449
"dipole","multistart_eb","rbf",0.9,0.940511600237954
"dipole","multistart_eb","rbf",0.95,0.957763236168947
"dipole","multistart_eb","rbf",0.975,0.968471148126115
"dipole","multistart_eb","rbf",0.99,0.975014872099941
"dipole","multistart_eb","matern05",0.5,0.960737656157049
"dipole","multistart_eb","matern05",0.6,0.964901844140393
"dipole","multistart_eb","matern05",0.7,0.970255800118977
"dipole","multistart_eb","matern05",0.8,0.979179060083284
"dipole","multistart_eb","matern05",0.9,0.982748364069007
"dipole","multistart_eb","matern05",0.95,0.991671624033314
"dipole","multistart_eb","matern05",0.975,0.994051160023795
"dipole","multistart_eb","matern05",0.99,0.998810232004759
"dipole","multistart_eb","matern15",0.5,0.913146936347412
"dipole","multistart_eb","matern15",0.6,0.942296252230815
"dipole","multistart_eb","matern15",0.7,0.96133254015467
"dipole","multistart_eb","matern15",0.8,0.972635336109459
"dipole","multistart_eb","matern15",0.9,0.979773944080904
"dipole","multistart_eb","matern15",0.95,0.982153480071386
"dipole","multistart_eb","matern15",0.975,0.98750743604997
"dipole","multistart_eb","matern15",0.99,0.989292088042832
"dipole","multistart_eb","matern25",0.5,0.874479476502082
"dipole","multistart_eb","matern25",0.6,0.912552052349792
"dipole","multistart_eb","matern25",0.7,0.941701368233195
"dipole","multistart_eb","matern25",0.8,0.96133254015467
"dipole","multistart_eb","matern25",0.9,0.97441998810232
"dipole","multistart_eb","matern25",0.95,0.979773944080904
"dipole","multistart_eb","matern25",0.975,0.981558596073766
"dipole","multistart_eb","matern25",0.99,0.985127900059488
"dipole","map","rbf",0.5,0.792980368828079
"dipole","map","rbf",0.6,0.844735276621059
"dipole","map","rbf",0.7,0.882212968471148
"dipole","map","rbf",0.8,0.921475312314099
"dipole","map","rbf",0.9,0.949434860202261
"dipole","map","rbf",0.95,0.96192742415229
"dipole","map","rbf",0.975,0.971445568114218
"dipole","map","rbf",0.99,0.976799524092802
"dipole","map","matern05",0.5,0.959547888161808
"dipole","map","matern05",0.6,0.964901844140393
"dipole","map","matern05",0.7,0.969660916121356
"dipole","map","matern05",0.8,0.977989292088043
"dipole","map","matern05",0.9,0.982153480071386
"dipole","map","matern05",0.95,0.991671624033314
"dipole","map","matern05",0.975,0.993456276026175
"dipole","map","matern05",0.99,0.998810232004759
"dipole","map","matern15",0.5,0.913741820345033
"dipole","map","matern15",0.6,0.945865556216538
"dipole","map","matern15",0.7,0.963712076145152
"dipole","map","matern15",0.8,0.972635336109459
"dipole","map","matern15",0.9,0.979179060083284
"dipole","map","matern15",0.95,0.981558596073766
"dipole","map","matern15",0.975,0.983938132064248
"dipole","map","matern15",0.99,0.988102320047591
"dipole","map","matern25",0.5,0.878048780487805
"dipole","map","matern25",0.6,0.916121356335515
"dipole","map","matern25",0.7,0.942891136228435
"dipole","map","matern25",0.8,0.962522308149911
"dipole","map","matern25",0.9,0.9738251041047
"dipole","map","matern25",0.95,0.979773944080904
"dipole","map","matern25",0.975,0.980368828078525
"dipole","map","matern25",0.99,0.983343248066627
"ring","multistart_eb","rbf",0.5,0.511005353955979
"ring","multistart_eb","rbf",0.6,0.563355145746579
"ring","multistart_eb","rbf",0.7,0.61570493753718
"ring","multistart_eb","rbf",0.8,0.642474717430101
"ring","multistart_eb","rbf",0.9,0.677572873289708
"ring","multistart_eb","rbf",0.95,0.703747769185009
"ring","multistart_eb","rbf",0.975,0.727543129089827
"ring","multistart_eb","rbf",0.99,0.754907792980369
"ring","multistart_eb","matern05",0.5,0.668649613325402
"ring","multistart_eb","matern05",0.6,0.706722189173111
"ring","multistart_eb","matern05",0.7,0.748364069006544
"ring","multistart_eb","matern05",0.8,0.814396192742415
"ring","multistart_eb","matern05",0.9,0.868530636525877
"ring","multistart_eb","matern05",0.95,0.894705532421178
"ring","multistart_eb","matern05",0.975,0.919095776323617
"ring","multistart_eb","matern05",0.99,0.938132064247472
"ring","multistart_eb","matern15",0.5,0.594289113622844
"ring","multistart_eb","matern15",0.6,0.634741225461035
"ring","multistart_eb","matern15",0.7,0.671624033313504
"ring","multistart_eb","matern15",0.8,0.703152885187388
"ring","multistart_eb","matern15",0.9,0.753123140987507
"ring","multistart_eb","matern15",0.95,0.800713860797145
"ring","multistart_eb","matern15",0.975,0.838191552647234
"ring","multistart_eb","matern15",0.99,0.863176680547293
"ring","multistart_eb","matern25",0.5,0.5639500297442
"ring","multistart_eb","matern25",0.6,0.61511005353956
"ring","multistart_eb","matern25",0.7,0.644854253420583
"ring","multistart_eb","matern25",0.8,0.682331945270672
"ring","multistart_eb","matern25",0.9,0.725758477096966
"ring","multistart_eb","matern25",0.95,0.757882212968471
"ring","multistart_eb","matern25",0.975,0.799524092801904
"ring","multistart_eb","matern25",0.99,0.832242712671029
"ring","map","rbf",0.5,0.495538370017847
"ring","map","rbf",0.6,0.556811421772754
"ring","map","rbf",0.7,0.604997025580012
"ring","map","rbf",0.8,0.646044021415824
"ring","map","rbf",0.9,0.681737061273052
"ring","map","rbf",0.95,0.710886377156455
"ring","map","rbf",0.975,0.735871505056514
"ring","map","rbf",0.99,0.758477096966092
"ring","map","matern05",0.5,0.67995240928019
"ring","map","matern05",0.6,0.720404521118382
"ring","map","matern05",0.7,0.772159428911362
"ring","map","matern05",0.8,0.827483640690065
"ring","map","matern05",0.9,0.873884592504462
"ring","map","matern05",0.95,0.903033908387864
"ring","map","matern05",0.975,0.923854848304581
"ring","map","matern05",0.99,0.944080904223676
"ring","map","matern15",0.5,0.596073765615705
"ring","map","matern15",0.6,0.644259369422962
"ring","map","matern15",0.7,0.685306365258775
"ring","map","matern15",0.8,0.727543129089827
"ring","map","matern15",0.9,0.778703152885187
"ring","map","matern15",0.95,0.817965496728138
"ring","map","matern15",0.975,0.853063652587745
"ring","map","matern15",0.99,0.872694824509221
"ring","map","matern25",0.5,0.5639500297442
"ring","map","matern25",0.6,0.61511005353956
"ring","map","matern25",0.7,0.656751933372992
"ring","map","matern25",0.8,0.697798929208804
"ring","map","matern25",0.9,0.738251041046996
"ring","map","matern25",0.95,0.779298036882808
"ring","map","matern25",0.975,0.809042236763831
"ring","map","matern25",0.99,0.847114812611541
"moving_edge","multistart_eb","rbf",0.5,0.342653182629387
"moving_edge","multistart_eb","rbf",0.6,0.414634146341463
"moving_edge","multistart_eb","rbf",0.7,0.481856038072576
"moving_edge","multistart_eb","rbf",0.8,0.548483045806068
"moving_edge","multistart_eb","rbf",0.9,0.612730517549078
"moving_edge","multistart_eb","rbf",0.95,0.660321237358715
"moving_edge","multistart_eb","rbf",0.975,0.706722189173111
"moving_edge","multistart_eb","rbf",0.99,0.749553837001785
"moving_edge","multistart_eb","matern05",0.5,0.64069006543724
"moving_edge","multistart_eb","matern05",0.6,0.70493753718025
"moving_edge","multistart_eb","matern05",0.7,0.764425936942296
"moving_edge","multistart_eb","matern05",0.8,0.837001784651993
"moving_edge","multistart_eb","matern05",0.9,0.878643664485425
"moving_edge","multistart_eb","matern05",0.95,0.906603212373587
"moving_edge","multistart_eb","matern05",0.975,0.922070196311719
"moving_edge","multistart_eb","matern05",0.99,0.949434860202261
"moving_edge","multistart_eb","matern15",0.5,0.468173706127305
"moving_edge","multistart_eb","matern15",0.6,0.540749553837002
"moving_edge","multistart_eb","matern15",0.7,0.593694229625223
"moving_edge","multistart_eb","matern15",0.8,0.658536585365854
"moving_edge","multistart_eb","matern15",0.9,0.734681737061273
"moving_edge","multistart_eb","matern15",0.95,0.798929208804283
"moving_edge","multistart_eb","matern15",0.975,0.823319452706722
"moving_edge","multistart_eb","matern15",0.99,0.839976204640095
"moving_edge","multistart_eb","matern25",0.5,0.418203450327186
"moving_edge","multistart_eb","matern25",0.6,0.484235574063058
"moving_edge","multistart_eb","matern25",0.7,0.55145746579417
"moving_edge","multistart_eb","matern25",0.8,0.607376561570494
"moving_edge","multistart_eb","matern25",0.9,0.686496133254015
"moving_edge","multistart_eb","matern25",0.95,0.753718024985128
"moving_edge","multistart_eb","matern25",0.975,0.784651992861392
"moving_edge","multistart_eb","matern25",0.99,0.808447352766211
"moving_edge","map","rbf",0.5,0.356335514574658
"moving_edge","map","rbf",0.6,0.418798334324807
"moving_edge","map","rbf",0.7,0.489589530041642
"moving_edge","map","rbf",0.8,0.546103509815586
"moving_edge","map","rbf",0.9,0.614515169541939
"moving_edge","map","rbf",0.95,0.662700773349197
"moving_edge","map","rbf",0.975,0.710886377156455
"moving_edge","map","rbf",0.99,0.753718024985128
"moving_edge","map","matern05",0.5,0.657346817370613
"moving_edge","map","matern05",0.6,0.715645449137418
"moving_edge","map","matern05",0.7,0.773944080904224
"moving_edge","map","matern05",0.8,0.842355740630577
"moving_edge","map","matern05",0.9,0.890541344437835
"moving_edge","map","matern05",0.95,0.914336704342653
"moving_edge","map","matern05",0.975,0.934562760261749
"moving_edge","map","matern05",0.99,0.954788816180845
"moving_edge","map","matern15",0.5,0.475312314098751
"moving_edge","map","matern15",0.6,0.542534205829863
"moving_edge","map","matern15",0.7,0.60202260559191
"moving_edge","map","matern15",0.8,0.663295657346817
"moving_edge","map","matern15",0.9,0.738251041046996
"moving_edge","map","matern15",0.95,0.80785246876859
"moving_edge","map","matern15",0.975,0.827483640690065
"moving_edge","map","matern15",0.99,0.848304580606782
"moving_edge","map","matern25",0.5,0.424747174301011
"moving_edge","map","matern25",0.6,0.48780487804878
"moving_edge","map","matern25",0.7,0.552647233789411
"moving_edge","map","matern25",0.8,0.609756097560976
"moving_edge","map","matern25",0.9,0.686496133254015
"moving_edge","map","matern25",0.95,0.75609756097561
"moving_edge","map","matern25",0.975,0.789411064842356
"moving_edge","map","matern25",0.99,0.814396192742415
"sine","multistart_eb","rbf",0.5,0.372992266508031
"sine","multistart_eb","rbf",0.6,0.466389054134444
"sine","multistart_eb","rbf",0.7,0.560380725758477
"sine","multistart_eb","rbf",0.8,0.657346817370613
"sine","multistart_eb","rbf",0.9,0.763831052944676
"sine","multistart_eb","rbf",0.95,0.838786436644854
"sine","multistart_eb","rbf",0.975,0.896490184414039
"sine","multistart_eb","rbf",0.99,0.952409280190363
"sine","multistart_eb","matern05",0.5,0.799524092801904
"sine","multistart_eb","matern05",0.6,0.867340868530637
"sine","multistart_eb","matern05",0.7,0.926829268292683
"sine","multistart_eb","matern05",0.8,0.965496728138013
"sine","multistart_eb","matern05",0.9,0.991671624033314
"sine","multistart_eb","matern05",0.95,0.996430696014277
"sine","multistart_eb","matern05",0.975,0.997025580011898
"sine","multistart_eb","matern05",0.99,0.998810232004759
"sine","multistart_eb","matern15",0.5,0.583581201665675
"sine","multistart_eb","matern15",0.6,0.685901249256395
"sine","multistart_eb","matern15",0.7,0.785841760856633
"sine","multistart_eb","matern15",0.8,0.8720999405116
"sine","multistart_eb","matern15",0.9,0.96133254015467
"sine","multistart_eb","matern15",0.95,0.995240928019036
"sine","multistart_eb","matern15",0.975,1
"sine","multistart_eb","matern15",0.99,1
"sine","multistart_eb","matern25",0.5,0.486020226055919
"sine","multistart_eb","matern25",0.6,0.591909577632362
"sine","multistart_eb","matern25",0.7,0.698393813206425
"sine","multistart_eb","matern25",0.8,0.790005948839976
"sine","multistart_eb","matern25",0.9,0.898274836406901
"sine","multistart_eb","matern25",0.95,0.969066032123736
"sine","multistart_eb","matern25",0.975,1
"sine","multistart_eb","matern25",0.99,1
"sine","map","rbf",0.5,0.37120761451517
"sine","map","rbf",0.6,0.462819750148721
"sine","map","rbf",0.7,0.559190957763236
"sine","map","rbf",0.8,0.654967281380131
"sine","map","rbf",0.9,0.763236168947055
"sine","map","rbf",0.95,0.837596668649613
"sine","map","rbf",0.975,0.896490184414039
"sine","map","rbf",0.99,0.951219512195122
"sine","map","matern05",0.5,0.851279000594884
"sine","map","matern05",0.6,0.922070196311719
"sine","map","matern05",0.7,0.966686496133254
"sine","map","matern05",0.8,0.988102320047591
"sine","map","matern05",0.9,0.998215348007139
"sine","map","matern05",0.95,1
"sine","map","matern05",0.975,1
"sine","map","matern05",0.99,1
"sine","map","matern15",0.5,0.586555621653778
"sine","map","matern15",0.6,0.701368233194527
"sine","map","matern15",0.7,0.791195716835217
"sine","map","matern15",0.8,0.881023200475907
"sine","map","matern15",0.9,0.967876264128495
"sine","map","matern15",0.95,0.995240928019036
"sine","map","matern15",0.975,1
"sine","map","matern15",0.99,1
"sine","map","matern25",0.5,0.490779298036883
"sine","map","matern25",0.6,0.596073765615705
"sine","map","matern25",0.7,0.702558001189768
"sine","map","matern25",0.8,0.795954788816181
"sine","map","matern25",0.9,0.903033908387864
"sine","map","matern25",0.95,0.972635336109459
"sine","map","matern25",0.975,1
"sine","map","matern25",0.99,1
