"source","hyper_method","kernel","parameter","log_value","natural_value","convergence"
"spike","multistart_eb","rbf","log_ell",-2.60336772737631,0.0740238657693748,0
"spike","multistart_eb","rbf","log_sigma_f",-3.11203026688353,0.0445104953576999,0
"spike","multistart_eb","rbf","log_sigma_n",-15.3165838966498,2.22890794398885e-07,0
"spike","multistart_eb","matern05","log_ell",-2.65304470436385,0.0704364281479189,0
"spike","multistart_eb","matern05","log_sigma_f",-2.9592862919884,0.0518559139499422,0
"spike","multistart_eb","matern05","log_sigma_n",-15.3165838966498,2.22890794398885e-07,0
"spike","multistart_eb","matern15","log_ell",-2.60444773094147,0.0739439628859033,0
"spike","multistart_eb","matern15","log_sigma_f",-3.0418110886984,0.0477483346693375,0
"spike","multistart_eb","matern15","log_sigma_n",-15.3165838966498,2.22890794398885e-07,0
"spike","multistart_eb","matern25","log_ell",-2.5964077043012,0.0745408706792321,0
"spike","multistart_eb","matern25","log_sigma_f",-3.06740183527493,0.0465419214823354,0
"spike","multistart_eb","matern25","log_sigma_n",-15.3165838966498,2.22890794398885e-07,0
"spike","map","rbf","log_ell",-2.52675033195779,0.0799183067276476,0
"spike","map","rbf","log_sigma_f",-3.06511101558634,0.0466486628483429,0
"spike","map","rbf","log_sigma_n",-10.7398759731648,2.16636249575867e-05,0
"spike","map","matern05","log_ell",-2.53854367754793,0.0789813383729091,0
"spike","map","matern05","log_sigma_f",-2.92047412246163,0.0539081221887443,0
"spike","map","matern05","log_sigma_n",-10.7543140566472,2.13530908847808e-05,0
"spike","map","matern15","log_ell",-2.51996291147677,0.0804625909328656,0
"spike","map","matern15","log_sigma_f",-3.00057850702813,0.0497582745284256,0
"spike","map","matern15","log_sigma_n",-10.7524642284612,2.13926269903854e-05,0
"spike","map","matern25","log_ell",-2.51488216752698,0.0808724410450169,0
"spike","map","matern25","log_sigma_f",-3.02474885332501,0.0485700179368787,0
"spike","map","matern25","log_sigma_n",-10.7503325555773,2.14382777121724e-05,0
"broad_plus_sharp","multistart_eb","rbf","log_ell",-1.53210052953351,0.21608130511942,0
"broad_plus_sharp","multistart_eb","rbf","log_sigma_f",-1.66607320558612,0.188987726424113,0
"broad_plus_sharp","multistart_eb","rbf","log_sigma_n",-8.33147489944404,0.000240816602548929,0
"broad_plus_sharp","multistart_eb","matern05","log_ell",-1.03436089730804,0.355453479623219,0
"broad_plus_sharp","multistart_eb","matern05","log_sigma_f",-1.58206864313474,0.205549449641333,0
"broad_plus_sharp","multistart_eb","matern05","log_sigma_n",-8.7999771350432,0.00015073652164013,0
"broad_plus_sharp","multistart_eb","matern15","log_ell",-1.22363255953914,0.294159671261671,0
"broad_plus_sharp","multistart_eb","matern15","log_sigma_f",-1.6260169922144,0.196711519359306,0
"broad_plus_sharp","multistart_eb","matern15","log_sigma_n",-8.43191751955674,0.000217803447345791,0
"broad_plus_sharp","multistart_eb","matern25","log_ell",-1.31641594462173,0.268094447470167,0
"broad_plus_sharp","multistart_eb","matern25","log_sigma_f",-1.63732911095744,0.194498833969421,0
"broad_plus_sharp","multistart_eb","matern25","log_sigma_n",-8.37851368958078,0.000229751173370179,0
"broad_plus_sharp","map","rbf","log_ell",-1.5021742212199,0.222645552832095,0
"broad_plus_sharp","map","rbf","log_sigma_f",-1.56588912547089,0.208902190317272,0
"broad_plus_sharp","map","rbf","log_sigma_n",-8.35148164908733,0.000236046521093507,0
"broad_plus_sharp","map","matern05","log_ell",-1.01390991044596,0.362797696334412,0
"broad_plus_sharp","map","matern05","log_sigma_f",-1.5657553531554,0.208930137516221,0
"broad_plus_sharp","map","matern05","log_sigma_n",-8.65659325491244,0.000173975990324351,0
"broad_plus_sharp","map","matern15","log_ell",-1.15955717383488,0.31362503150698,0
"broad_plus_sharp","map","matern15","log_sigma_f",-1.52935408104484,0.216675576988284,0
"broad_plus_sharp","map","matern15","log_sigma_n",-8.44337642325678,0.000215321903655708,0
"broad_plus_sharp","map","matern25","log_ell",-1.2585428387797,0.284067657437459,0
"broad_plus_sharp","map","matern25","log_sigma_f",-1.53101302817994,0.216316421652822,0
"broad_plus_sharp","map","matern25","log_sigma_n",-8.39425080582627,0.000226163853517132,0
"dipole","multistart_eb","rbf","log_ell",-2.33580019531521,0.0967330462180968,0
"dipole","multistart_eb","rbf","log_sigma_f",-1.78638841090212,0.167564251386451,0
"dipole","multistart_eb","rbf","log_sigma_n",-14.3579809503241,5.81310412289455e-07,0
"dipole","multistart_eb","matern05","log_ell",-2.1946556474322,0.111396914714647,0
"dipole","multistart_eb","matern05","log_sigma_f",-1.64730054021557,0.19256903999757,0
"dipole","multistart_eb","matern05","log_sigma_n",-14.3579809503241,5.81310412289455e-07,0
"dipole","multistart_eb","matern15","log_ell",-2.21215597193453,0.109464391769084,0
"dipole","multistart_eb","matern15","log_sigma_f",-1.72909308934255,0.17744526401978,0
"dipole","multistart_eb","matern15","log_sigma_n",-14.3579809503241,5.81310412289455e-07,0
"dipole","multistart_eb","matern25","log_ell",-2.23930765226969,0.106532236204217,0
"dipole","multistart_eb","matern25","log_sigma_f",-1.75009256624797,0.173757858592974,0
"dipole","multistart_eb","matern25","log_sigma_n",-14.3579809503241,5.81310412289455e-07,0
"dipole","map","rbf","log_ell",-2.30008065654318,0.100250757517153,0
"dipole","map","rbf","log_sigma_f",-1.75034762108867,0.173713546461282,0
"dipole","map","rbf","log_sigma_n",-9.7964378828973,5.56494767447329e-05,0
"dipole","map","matern05","log_ell",-2.10469949117838,0.121882295471296,0
"dipole","map","matern05","log_sigma_f",-1.61374669295737,0.199140097790674,0
"dipole","map","matern05","log_sigma_n",-9.80185624813969,5.53487629784044e-05,0
"dipole","map","matern15","log_ell",-2.15124652463743,0.116339047861292,0
"dipole","map","matern15","log_sigma_f",-1.69012137356059,0.184497129560437,0
"dipole","map","matern15","log_sigma_n",-9.80361079077328,5.52517363576044e-05,0
"dipole","map","matern25","log_ell",-2.18742592777538,0.112205201501422,0
"dipole","map","matern25","log_sigma_f",-1.71066553570939,0.18074546002079,0
"dipole","map","matern25","log_sigma_n",-9.80249326782803,5.53135159543781e-05,0
"ring","multistart_eb","rbf","log_ell",-2.14914966109822,0.116583250909696,0
"ring","multistart_eb","rbf","log_sigma_f",-1.54877503954248,0.212508128508938,0
"ring","multistart_eb","rbf","log_sigma_n",-8.12929061853213,0.000294777236162614,0
"ring","multistart_eb","matern05","log_ell",-1.9587988877151,0.141027709347698,0
"ring","multistart_eb","matern05","log_sigma_f",-1.40871521446924,0.244457156497855,0
"ring","multistart_eb","matern05","log_sigma_n",-8.42903999572609,0.000218431084543346,0
"ring","multistart_eb","matern15","log_ell",-2.04230805298122,0.129728943796866,0
"ring","multistart_eb","matern15","log_sigma_f",-1.50160573678648,0.222772159346558,0
"ring","multistart_eb","matern15","log_sigma_n",-8.2232211496195,0.000268349278064853,0
"ring","multistart_eb","matern25","log_ell",-2.07352075120686,0.12574229412464,0
"ring","multistart_eb","matern25","log_sigma_f",-1.52303761784643,0.218048531840916,0
"ring","multistart_eb","matern25","log_sigma_n",-8.18375654388648,0.000279151323822165,0
"ring","map","rbf","log_ell",-2.15987988982096,0.115338973590898,0
"ring","map","rbf","log_sigma_f",-1.49750132338912,0.223688387385009,0
"ring","map","rbf","log_sigma_n",-8.28500337684303,0.000252271826090332,0
"ring","map","matern05","log_ell",-1.95563629235179,0.141474428951711,0
"ring","map","matern05","log_sigma_f",-1.359141635274,0.256881180090648,0
"ring","map","matern05","log_sigma_n",-8.62705556657635,0.000179191486562034,0
"ring","map","matern15","log_ell",-2.0836765323968,0.124471745526302,0
"ring","map","matern15","log_sigma_f",-1.44174808603208,0.236513950368201,0
"ring","map","matern15","log_sigma_n",-8.4578826891787,0.000212220932993352,0
"ring","map","matern25","log_ell",-2.10798085653431,0.121483010587499,0
"ring","map","matern25","log_sigma_f",-1.46630502028441,0.230776626697518,0
"ring","map","matern25","log_sigma_n",-8.39287080559555,0.000226476175139557,0
"moving_edge","multistart_eb","rbf","log_ell",-1.48480740134083,0.226545968924818,0
"moving_edge","multistart_eb","rbf","log_sigma_f",-0.641719961114607,0.526386281066394,0
"moving_edge","multistart_eb","rbf","log_sigma_n",-7.34534103856829,0.000645593158251673,0
"moving_edge","multistart_eb","matern05","log_ell",-0.163762342764533,0.848943755533533,0
"moving_edge","multistart_eb","matern05","log_sigma_f",-0.456807788915422,0.633302056039862,0
"moving_edge","multistart_eb","matern05","log_sigma_n",-7.68359763335397,0.000460315868557728,0
"moving_edge","multistart_eb","matern15","log_ell",-0.988273406353329,0.372218807153313,0
"moving_edge","multistart_eb","matern15","log_sigma_f",-0.570517979407819,0.565232584020587,0
"moving_edge","multistart_eb","matern15","log_sigma_n",-7.48522349972936,0.000561317701596878,0
"moving_edge","multistart_eb","matern25","log_ell",-1.18332983973114,0.306257251287164,0
"moving_edge","multistart_eb","matern25","log_sigma_f",-0.602211600234454,0.547599225329112,0
"moving_edge","multistart_eb","matern25","log_sigma_n",-7.43723605185796,0.000588910668700782,0
"moving_edge","map","rbf","log_ell",-1.51039809398006,0.22082205252947,0
"moving_edge","map","rbf","log_sigma_f",-0.639673389758779,0.527464671276183,0
"moving_edge","map","rbf","log_sigma_n",-7.39621658982701,0.00061356976136159,0
"moving_edge","map","matern05","log_ell",-0.607497750250467,0.544712171099087,0
"moving_edge","map","matern05","log_sigma_f",-0.621107905974165,0.537348775768072,0
"moving_edge","map","matern05","log_sigma_n",-7.69041999708719,0.00045718611456974,0
"moving_edge","map","matern15","log_ell",-1.05122837059038,0.349508159773155,0
"moving_edge","map","matern15","log_sigma_f",-0.59699551558007,0.550463011627942,0
"moving_edge","map","matern15","log_sigma_n",-7.52544588052462,0.000539188201269258,0
"moving_edge","map","matern25","log_ell",-1.22042135706372,0.295105795811921,0
"moving_edge","map","matern25","log_sigma_f",-0.610846856120937,0.542890923846412,0
"moving_edge","map","matern25","log_sigma_n",-7.48074398795235,0.000563837770978083,0
"sine","multistart_eb","rbf","log_ell",-1.16421143624887,0.312168729944449,0
"sine","multistart_eb","rbf","log_sigma_f",-0.524377106348211,0.591923955232499,0
"sine","multistart_eb","rbf","log_sigma_n",-8.07310216882102,0.000311814477995727,0
"sine","multistart_eb","matern05","log_ell",-0.0917546233835256,0.912328986281582,0
"sine","multistart_eb","matern05","log_sigma_f",-0.442628593867601,0.64234573393459,0
"sine","multistart_eb","matern05","log_sigma_n",-10.2243177829423,3.62773208127672e-05,0
"sine","multistart_eb","matern15","log_ell",-0.545957176219922,0.579287038110341,0
"sine","multistart_eb","matern15","log_sigma_f",-0.31921246803826,0.726721127889707,0
"sine","multistart_eb","matern15","log_sigma_n",-8.16694816714,0.000283883059438794,0
"sine","multistart_eb","matern25","log_ell",-0.767610033711018,0.464120977341107,0
"sine","multistart_eb","matern25","log_sigma_f",-0.353368532285951,0.702318318702877,0
"sine","multistart_eb","matern25","log_sigma_n",-8.1059279762542,0.000301745088072742,0
"sine","map","rbf","log_ell",-1.17176195504627,0.30982057014915,0
"sine","map","rbf","log_sigma_f",-0.535413307771576,0.585427278491697,0
"sine","map","rbf","log_sigma_n",-8.08533337158992,0.000308023841170122,0
"sine","map","matern05","log_ell",-0.566885696719305,0.567289401760864,0
"sine","map","matern05","log_sigma_f",-0.682959935438241,0.505119655879144,0
"sine","map","matern05","log_sigma_n",-8.45433533713668,0.000212975092196618,0
"sine","map","matern15","log_ell",-0.692299710878187,0.500423914442827,0
"sine","map","matern15","log_sigma_f",-0.467924846666318,0.626300590466181,0
"sine","map","matern15","log_sigma_n",-8.17692118001469,0.00028106596086154,0
"sine","map","matern25","log_ell",-0.832000976728889,0.435177634215582,0
"sine","map","matern25","log_sigma_f",-0.440170732026645,0.643926472825848,0
"sine","map","matern25","log_sigma_n",-8.11866626123056,0.000297925750699503,0
