"iteration","batch","batch_acceptance","gain","log_scale","scale","min_eigenvalue","max_eigenvalue","source","chain","source_label"
100,1,0.6,1,1.00158868669866,2.72260375883075,0.0200824419801019,0.180838409076311,"spike",1,"Narrow spike"
150,2,0.56,0.659753955386447,1.21666847615464,3.37592201334582,0.0339453707116736,0.301924155535443,"spike",1,"Narrow spike"
200,3,0.24,0.517281857971787,1.21977216730247,3.38641610940689,0.0344078633681806,0.344234343753763,"spike",1,"Narrow spike"
250,4,0.32,0.435275281648062,1.2572058415242,3.51558465027651,0.0331700262317213,0.312074793444683,"spike",1,"Narrow spike"
300,5,0.34,0.380730787743176,1.29756330502498,3.66036659521718,0.0343302352233972,0.300462693169472,"spike",1,"Narrow spike"
350,6,0.26,0.341278751846537,1.30643655257299,3.69299045989489,0.0378344087562065,0.395342975993676,"spike",1,"Narrow spike"
400,7,0.24,0.311129489211826,1.30830332950826,3.69989088808377,0.0363405762806514,0.365386558911985,"spike",1,"Narrow spike"
450,8,0.4,0.287174588749259,1.35597431124064,3.8805399690787,0.046911034474292,0.404300416846016,"spike",1,"Narrow spike"
500,9,0.16,0.267580520586744,1.33617335271722,3.80445729884657,0.0554316750575733,0.456125618846357,"spike",1,"Narrow spike"
550,10,0.22,0.251188643150958,1.3326567117131,3.79110188517232,0.0537516456212503,0.473935806261418,"spike",1,"Narrow spike"
600,11,0.26,0.237227148661716,1.33882461757831,3.81455730577901,0.0540040576475845,0.510892834791704,"spike",1,"Narrow spike"
650,12,0.18,0.225160006420102,1.32666597723162,3.76845829397838,0.0538745820721751,0.53624949094747,"spike",1,"Narrow spike"
700,13,0.16,0.214602110453007,1.3107854210581,3.70908576253187,0.050710928264141,0.529321462891613,"spike",1,"Narrow spike"
750,14,0.22,0.205268911144867,1.30791165630207,3.69844202371629,0.051647862969768,0.521588079275359,"spike",1,"Narrow spike"
800,15,0.22,0.196945129270852,1.30515442449228,3.68825860719329,0.0507399400757622,0.524219266988827,"spike",1,"Narrow spike"
850,16,0.16,0.1894645708138,1.29113404625206,3.63690864060656,0.0488630209829445,0.515903130378031,"spike",1,"Narrow spike"
900,17,0.24,0.182696676564573,1.29223022631145,3.64089753320905,0.0503541245021147,0.50096893930425,"spike",1,"Narrow spike"
950,18,0.12,0.176537306841469,1.27210497333152,3.56835595648845,0.0519339184564405,0.535658470811768,"spike",1,"Narrow spike"
1000,19,0.12,0.170902273217667,1.25262211418471,3.49950704463094,0.0493848144958364,0.515889599694442,"spike",1,"Narrow spike"
1050,20,0.08,0.165722700866999,1.22710081825119,3.41132513432768,0.0471839911034389,0.480235392086911,"spike",1,"Narrow spike"
1100,21,0.22,0.160941640249306,1.2248476352877,3.40364744751685,0.0457118933766897,0.470817468264096,"spike",1,"Narrow spike"
1150,22,0.26,0.156511549654616,1.22891693557872,3.41752613017759,0.0534007803178577,0.567420744361628,"spike",1,"Narrow spike"
1200,23,0.12,0.152392396370317,1.2115442023925,3.35866711192597,0.0513242737668704,0.547482226554603,"spike",1,"Narrow spike"
1250,24,0.2,0.1485502048305,1.20649349542826,3.34174623571731,0.0511588263169842,0.533041936615325,"spike",1,"Narrow spike"
1300,25,0.14,0.144955932735539,1.19286763775112,3.29652089387628,0.0509855728128543,0.514902061734514,"spike",1,"Narrow spike"
1350,26,0.24,0.14158459120565,1.19371714529836,3.29932250308084,0.0505092110897955,0.522595985292213,"spike",1,"Narrow spike"
1400,27,0.16,0.138414548846169,1.18347446868374,3.26570109020564,0.0494833840931387,0.518210321473941,"spike",1,"Narrow spike"
1450,28,0.1,0.135426976045695,1.16532725389362,3.20697220563705,0.0484252247459548,0.497382662682099,"spike",1,"Narrow spike"
1500,29,0.14,0.132605397359268,1.15286234654185,3.16724570217713,0.046660755550987,0.489126443289159,"spike",1,"Narrow spike"
1550,30,0.2,0.12993532803054,1.14844454538881,3.15328430251287,0.0458350461860063,0.478881843588673,"spike",1,"Narrow spike"
1600,31,0.18,0.127403976617752,1.14156473065145,3.13166474524611,0.0445105623670321,0.463841666249857,"spike",1,"Narrow spike"
1650,32,0.14,0.125,1.12981473065145,3.09508302298711,0.0437244968061083,0.456363805957513,"spike",1,"Narrow spike"
1700,33,0.24,0.122713300221082,1.13055101045278,3.09736270924085,0.0446447892953766,0.480996202440004,"spike",1,"Narrow spike"
1750,34,0.32,0.120534854999435,1.14091700798273,3.12963695179457,0.0476168107342702,0.53759265346492,"spike",1,"Narrow spike"
1800,35,0.24,0.11845657551775,1.14162774743583,3.13186209890636,0.0472016861469673,0.530885665242234,"spike",1,"Narrow spike"
1850,36,0.36,0.11647118646193,1.15630311693004,3.17816223727668,0.0484816298942352,0.551356881628987,"spike",1,"Narrow spike"
1900,37,0.24,0.114572124318211,1.15699054967595,3.18034776118468,0.0483197318367663,0.556652700971475,"spike",1,"Narrow spike"
1950,38,0.26,0.112753450739891,1.15992213939518,3.18968491565086,0.0483138884107409,0.565011126270063,"spike",1,"Narrow spike"
2000,39,0.26,0.111009778419798,1.1628083936341,3.19890445582766,0.0479504330077072,0.561482119832832,"spike",1,"Narrow spike"
100,1,0.72,1,1.12158868669866,3.06972716617984,0.0379606324359725,0.857390384433647,"spike",2,"Narrow spike"
150,2,0.2,0.659753955386447,1.09915705221552,3.00163473587405,0.0519965527476307,0.753976255069342,"spike",2,"Narrow spike"
200,3,0.32,0.517281857971787,1.14364329200109,3.13818087228449,0.0551895193689541,0.804740308124201,"spike",2,"Narrow spike"
250,4,0.26,0.435275281648062,1.15496044932394,3.17389788523807,0.0595048308355,0.75371059603299,"spike",2,"Narrow spike"
300,5,0.24,0.380730787743176,1.1572448340504,3.1811565767559,0.055496934241257,0.826741530633096,"spike",2,"Narrow spike"
350,6,0.14,0.341278751846537,1.12516463137683,3.08072399100339,0.0471892927126636,0.7091351134747,"spike",2,"Narrow spike"
400,7,0.16,0.311129489211826,1.10214104917515,3.01060498173692,0.0475922823444295,0.654514537422102,"spike",2,"Narrow spike"
450,8,0.2,0.287174588749259,1.09237711315768,2.98135266857411,0.0452509965953219,0.689443885800552,"spike",2,"Narrow spike"
500,9,0.18,0.267580520586744,1.07792776504599,2.9385838012657,0.0419204149448945,0.657708427244295,"spike",2,"Narrow spike"
550,10,0.2,0.251188643150958,1.06938735117886,2.91359394317864,0.0420413623871965,0.615125157118573,"spike",2,"Narrow spike"
600,11,0.3,0.237227148661716,1.08504434299053,2.95957105206097,0.0419398817103414,0.601726681920594,"spike",2,"Narrow spike"
650,12,0.24,0.225160006420102,1.08639530302905,2.96357201624632,0.0410688605756654,0.574254114240003,"spike",2,"Narrow spike"
700,13,0.28,0.214602110453007,1.09626700010989,2.99297237844677,0.0427442775527768,0.632320521876375,"spike",2,"Narrow spike"
750,14,0.26,0.205268911144867,1.10160399179966,3.00898854822441,0.04319039114337,0.647883181257794,"spike",2,"Narrow spike"
800,15,0.34,0.196945129270852,1.12248017550237,3.07246501377785,0.0448820535136919,0.66333544731964,"spike",2,"Narrow spike"
850,16,0.24,0.1894645708138,1.12361696292725,3.07595973937261,0.048825593486813,0.817381123776241,"spike",2,"Narrow spike"
900,17,0.14,0.182696676564573,1.10644347533018,3.02358579181738,0.0467667594288883,0.77923442232059,"spike",2,"Narrow spike"
950,18,0.16,0.176537306841469,1.09337971462391,2.98434327607421,0.0453091107379151,0.744582284575897,"spike",2,"Narrow spike"
1000,19,0.24,0.170902273217667,1.09440512826322,2.98740503188868,0.0448761173810772,0.747352001808718,"spike",2,"Narrow spike"
1050,20,0.1,0.165722700866999,1.07219828634704,2.92179538832441,0.0437400006102979,0.704268053435138,"spike",2,"Narrow spike"
1100,21,0.38,0.160941640249306,1.09569576582344,2.99126317822916,0.0441733230670333,0.760737473585809,"spike",2,"Narrow spike"
1150,22,0.22,0.156511549654616,1.09350460412827,2.98471601250176,0.0452441900327354,0.746222578960328,"spike",2,"Narrow spike"
1200,23,0.2,0.152392396370317,1.08832326265168,2.96929117481428,0.0442344882979313,0.722995239708046,"spike",2,"Narrow spike"
1250,24,0.24,0.1485502048305,1.08921456388067,2.97193888746709,0.0453062620008836,0.704786585535127,"spike",2,"Narrow spike"
1300,25,0.12,0.144955932735539,1.07268958754882,2.9232312225947,0.0441834015179721,0.678060416074744,"spike",2,"Narrow spike"
1350,26,0.26,0.14158459120565,1.07637078692016,2.93401205054771,0.0443422705786926,0.676731666463698,"spike",2,"Narrow spike"
1400,27,0.3,0.138414548846169,1.08550614714401,2.96093810989752,0.0448577721458139,0.685705594219078,"spike",2,"Narrow spike"
1450,28,0.14,0.135426976045695,1.07277601139571,2.92348387039957,0.0444441955439725,0.667064053538554,"spike",2,"Narrow spike"
1500,29,0.22,0.132605397359268,1.07091953583268,2.91806152881493,0.0465411226545022,0.648524688116643,"spike",2,"Narrow spike"
1550,30,0.14,0.12993532803054,1.05870561499781,2.88263733086571,0.0452813732834773,0.631624816523087,"spike",2,"Narrow spike"
1600,31,0.3,0.127403976617752,1.06711427745458,2.90697865071529,0.0450739631800525,0.631982016445578,"spike",2,"Narrow spike"
1650,32,0.24,0.125,1.06786427745459,2.90915970249551,0.0447648839468489,0.633512457254647,"spike",2,"Narrow spike"
1700,33,0.2,0.122713300221082,1.06369202524707,2.89704724019936,0.044165536476548,0.623529024453325,"spike",2,"Narrow spike"
1750,34,0.18,0.120534854999435,1.0571831430771,2.8782519356395,0.0431055310823343,0.607371984851641,"spike",2,"Narrow spike"
1800,35,0.14,0.11845657551775,1.04604822497843,2.84638060768232,0.0419759511386374,0.591030586368266,"spike",2,"Narrow spike"
1850,36,0.16,0.11647118646193,1.03742935718025,2.82195344796541,0.0412942231289202,0.575326699039754,"spike",2,"Narrow spike"
1900,37,0.2,0.114572124318211,1.03353390495343,2.81098204628195,0.0431793112946811,0.608421561487739,"spike",2,"Narrow spike"
1950,38,0.2,0.112753450739891,1.02970028762827,2.80022644640821,0.0436974597119448,0.608966677539729,"spike",2,"Narrow spike"
2000,39,0.22,0.111009778419798,1.02814615073039,2.79587789116578,0.0438427082538226,0.600269655892406,"spike",2,"Narrow spike"
100,1,0.58,1,0.981588686698657,2.66869259234588,0.0378803900503058,0.203647649710226,"spike",3,"Narrow spike"
150,2,0.24,0.659753955386447,0.985547210430975,2.67927761201053,0.027378216280088,0.489457932272495,"spike",3,"Narrow spike"
200,3,0.24,0.517281857971787,0.988650901578806,2.68760618018348,0.029771177360147,0.470711855866439,"spike",3,"Narrow spike"
250,4,0.4,0.435275281648062,1.06090659833238,2.88898895493581,0.0442484791194944,0.518363993181509,"spike",3,"Narrow spike"
300,5,0.24,0.380730787743176,1.06319098305884,2.89559606089213,0.0474882151807127,0.455877035636445,"spike",3,"Narrow spike"
350,6,0.26,0.341278751846537,1.07206423060685,2.92140373113348,0.0451624733075257,0.468059708029276,"spike",3,"Narrow spike"
400,7,0.26,0.311129489211826,1.08015359732636,2.94513188070898,0.041628709037544,0.538459696760713,"spike",3,"Narrow spike"
450,8,0.3,0.287174588749259,1.09910712018381,3.00148486189504,0.0452788037040383,0.55246155972272,"spike",3,"Narrow spike"
500,9,0.12,0.267580520586744,1.06860294083692,2.91130938608965,0.0437057051912151,0.533042199348798,"spike",3,"Narrow spike"
550,10,0.2,0.251188643150958,1.06006252696979,2.88655147094204,0.0427441996199274,0.517747133877189,"spike",3,"Narrow spike"
600,11,0.32,0.237227148661716,1.0804640617547,2.94604638134732,0.0479598978582573,0.574305204398745,"spike",3,"Narrow spike"
650,12,0.2,0.225160006420102,1.07280862153641,2.92357920717438,0.0458584591719051,0.572855761090836,"spike",3,"Narrow spike"
700,13,0.32,0.214602110453007,1.09126440303537,2.97803713223915,0.0456147573030684,0.598727234327757,"spike",3,"Narrow spike"
750,14,0.1,0.205268911144867,1.06375836894196,2.89723944739335,0.0435110783665112,0.568634469040591,"spike",3,"Narrow spike"
800,15,0.16,0.196945129270852,1.04918442937592,2.85532145189018,0.0416004994789724,0.54967442524583,"spike",3,"Narrow spike"
850,16,0.08,0.1894645708138,1.02000688547059,2.77321385878103,0.0408392998320272,0.518428980278678,"spike",3,"Narrow spike"
900,17,0.22,0.182696676564573,1.01744913199869,2.76612972500138,0.0396331337834838,0.500880945441951,"spike",3,"Narrow spike"
950,18,0.3,0.176537306841469,1.02910059425023,2.79854767257635,0.0395789841306167,0.511228967032832,"spike",3,"Narrow spike"
1000,19,0.18,0.170902273217667,1.01987187149647,2.77283946143188,0.0378632011234835,0.494684535983085,"spike",3,"Narrow spike"
1050,20,0.32,0.165722700866999,1.03412402377103,2.8126413492282,0.0373797249661045,0.49157864193201,"spike",3,"Narrow spike"
1100,21,0.2,0.160941640249306,1.02865200800256,2.79729256411024,0.0367366400575874,0.513862659037198,"spike",3,"Narrow spike"
1150,22,0.36,0.156511549654616,1.04837246325904,2.85300396860472,0.0390718603376636,0.53621007957221,"spike",3,"Narrow spike"
1200,23,0.18,0.152392396370317,1.04014327385504,2.82962239621957,0.0411290121789951,0.539429363046124,"spike",3,"Narrow spike"
1250,24,0.08,0.1485502048305,1.01726654231114,2.76562470434637,0.0404886058266794,0.523329919332066,"spike",3,"Narrow spike"
1300,25,0.3,0.144955932735539,1.02683363387169,2.7922106614756,0.0433476392155553,0.542741295568286,"spike",3,"Narrow spike"
1350,26,0.32,0.14158459120565,1.03900990871538,2.82641721749929,0.0473175348069871,0.584391663185674,"spike",3,"Narrow spike"
1400,27,0.14,0.138414548846169,1.02599894112384,2.78988099589873,0.046912445118391,0.586787372195742,"spike",3,"Narrow spike"
1450,28,0.16,0.135426976045695,1.01597734489645,2.76206156541578,0.0463842876639202,0.586378559662132,"spike",3,"Narrow spike"
1500,29,0.28,0.132605397359268,1.02207719317498,2.77896121214091,0.0464317418318379,0.580382399913587,"spike",3,"Narrow spike"
1550,30,0.22,0.12993532803054,1.02025809858255,2.77391061397799,0.0471138688807705,0.575655003264571,"spike",3,"Narrow spike"
1600,31,0.18,0.127403976617752,1.0133782838452,2.75489211972932,0.0464112053008015,0.577744682506502,"spike",3,"Narrow spike"
1650,32,0.18,0.125,1.00662828384519,2.73635921683547,0.0465449954496921,0.569179960949536,"spike",3,"Narrow spike"
1700,33,0.24,0.122713300221082,1.00736456364652,2.73837468473911,0.0460173606948295,0.563125937239238,"spike",3,"Narrow spike"
1750,34,0.26,0.120534854999435,1.01049846987651,2.74696995557528,0.0461117750729598,0.561722917388143,"spike",3,"Narrow spike"
1800,35,0.1,0.11845657551775,0.994625288757128,2.70371104051936,0.0453135525912544,0.541282866958389,"spike",3,"Narrow spike"
1850,36,0.28,0.11647118646193,0.999982963334377,2.71823551839495,0.0456590264143352,0.539816946260331,"spike",3,"Narrow spike"
1900,37,0.22,0.114572124318211,0.998378953593922,2.71387893708009,0.0451392447378629,0.560995047358234,"spike",3,"Narrow spike"
1950,38,0.12,0.112753450739891,0.985525060209574,2.6792182660755,0.044803358282045,0.560770220737253,"spike",3,"Narrow spike"
2000,39,0.16,0.111009778419798,0.977310336606509,2.65729938060047,0.0440346257915763,0.561133742830565,"spike",3,"Narrow spike"
100,1,0.68,1,1.08158868669866,2.94936144234458,0.0194770246984132,0.224227052218515,"spike",4,"Narrow spike"
150,2,0.3,0.659753955386447,1.12513244775416,3.08062484374041,0.0431463472141765,0.517853466428352,"spike",4,"Narrow spike"
200,3,0.32,0.517281857971787,1.16961868753974,3.22076428679634,0.0564752184620004,0.726339339371719,"spike",4,"Narrow spike"
250,4,0.32,0.435275281648062,1.20705236176147,3.34361434714623,0.0900499206044979,1.61007574902883,"spike",4,"Narrow spike"
300,5,0.14,0.380730787743176,1.17126366771361,3.22606674021253,0.0860613273893225,1.4120154193699,"spike",4,"Narrow spike"
350,6,0.16,0.341278751846537,1.14600904007697,3.14561380640294,0.0822263991746139,1.50258484913641,"spike",4,"Narrow spike"
400,7,0.24,0.311129489211826,1.14787581701224,3.15149145012197,0.0819247577415514,1.64859016851062,"spike",4,"Narrow spike"
450,8,0.12,0.287174588749259,1.11513791389482,3.0499887860109,0.0838413433952742,1.51915084893882,"spike",4,"Narrow spike"
500,9,0.08,0.267580520586744,1.07393051372446,2.92686098840621,0.0753672608840282,1.32714221089882,"spike",4,"Narrow spike"
550,10,0.14,0.251188643150958,1.05031878126827,2.85856222892569,0.0689278346449819,1.27528216677902,"spike",4,"Narrow spike"
600,11,0.04,0.237227148661716,1.0042967144279,2.72998663731342,0.0605346604185682,1.13396269369497,"spike",4,"Narrow spike"
650,12,0.02,0.225160006420102,0.956112473053999,2.60156314256826,0.0545913498517994,1.0061330473477,"spike",4,"Narrow spike"
700,13,0.08,0.214602110453007,0.923063748044237,2.51699001228961,0.0525680474807297,0.912471433221137,"spike",4,"Narrow spike"
750,14,0.26,0.205268911144867,0.928400739734003,2.53045907724181,0.0529847359702135,0.90827596044735,"spike",4,"Narrow spike"
800,15,0.12,0.196945129270852,0.905948994997126,2.47427888753833,0.0495716105039193,0.842957041982248,"spike",4,"Narrow spike"
850,16,0.1,0.1894645708138,0.880560742508077,2.41225197946837,0.0480536663399007,0.776783378479617,"spike",4,"Narrow spike"
900,17,0.22,0.182696676564573,0.878002989036173,2.40608991746991,0.0468439393383693,0.771286642409578,"spike",4,"Narrow spike"
950,18,0.38,0.176537306841469,0.903777435835027,2.46891167427025,0.0490105054796142,0.795531560888984,"spike",4,"Narrow spike"
1000,19,0.22,0.170902273217667,0.90138480400998,2.46301153886573,0.0512055384005203,0.860881211841319,"spike",4,"Narrow spike"
1050,20,0.08,0.165722700866999,0.875863508076462,2.40094763677147,0.0477819010044612,0.80626828518724,"spike",4,"Narrow spike"
1100,21,0.24,0.160941640249306,0.876829157917958,2.40326723125413,0.0479315354261768,0.817593057343794,"spike",4,"Narrow spike"
1150,22,0.18,0.156511549654616,0.868377534236608,2.38304131233206,0.0471400306168647,0.817329651713429,"spike",4,"Narrow spike"
1200,23,0.18,0.152392396370317,0.860148344832611,2.3635112823867,0.0470866999314903,0.805001756754442,"spike",4,"Narrow spike"
1250,24,0.18,0.1485502048305,0.852126633771764,2.34462771829742,0.0452138620216567,0.782100331917901,"spike",4,"Narrow spike"
1300,25,0.3,0.144955932735539,0.86169372533231,2.36716663035758,0.0496611295201929,0.800902700655687,"spike",4,"Narrow spike"
1350,26,0.2,0.14158459120565,0.856879849231318,2.35579876718373,0.0509428316032752,0.785014330495903,"spike",4,"Narrow spike"
1400,27,0.04,0.138414548846169,0.830027426755161,2.29338163941833,0.0487997870837536,0.738943964039842,"spike",4,"Narrow spike"
1450,28,0.18,0.135426976045695,0.822714370048694,2.2766711861598,0.0480470240932141,0.713075882714395,"spike",4,"Narrow spike"
1500,29,0.22,0.132605397359268,0.820857894485664,2.27244852258629,0.0475199730043573,0.699338928595618,"spike",4,"Narrow spike"
1550,30,0.3,0.12993532803054,0.829433626135679,2.29202023222236,0.0470880388889086,0.701942203572646,"spike",4,"Narrow spike"
1600,31,0.34,0.127403976617752,0.842938447657161,2.32318351000542,0.048785075718914,0.70431833419641,"spike",4,"Narrow spike"
1650,32,0.32,0.125,0.853688447657161,2.34829245149461,0.049574856557716,0.712429035810722,"spike",4,"Narrow spike"
1700,33,0.26,0.122713300221082,0.856878993462909,2.35579675116643,0.0492397916064958,0.716586174814182,"spike",4,"Narrow spike"
1750,34,0.18,0.120534854999435,0.85037011129294,2.34051294191234,0.0482908848046972,0.714811732627288,"spike",4,"Narrow spike"
1800,35,0.16,0.11845657551775,0.841604324704626,2.32008616414128,0.0476076279174471,0.70664371337105,"spike",4,"Narrow spike"
1850,36,0.12,0.11647118646193,0.828326609447966,2.28948433147791,0.0461692027550681,0.68355154093302,"spike",4,"Narrow spike"
1900,37,0.18,0.114572124318211,0.822139714734783,2.27536326080376,0.0451075157252892,0.670430936031115,"spike",4,"Narrow spike"
1950,38,0.24,0.112753450739891,0.822816235439222,2.27690311197169,0.0444892833026956,0.666089690825242,"spike",4,"Narrow spike"
2000,39,0.18,0.111009778419798,0.816821707404553,2.26329498034795,0.0445871982966281,0.65776123535905,"spike",4,"Narrow spike"
100,1,0.7,1,1.10158868669866,3.00894249570319,0.0299625012988015,0.253617711961165,"mixture",1,"Broad + sharp"
150,2,0.42,0.659753955386447,1.22430292240054,3.4017939417489,0.0318060911559416,0.455811866700452,"mixture",1,"Broad + sharp"
200,3,0.26,0.517281857971787,1.2377522507078,3.44785483503701,0.0359223484438172,0.453767228585663,"mixture",1,"Broad + sharp"
250,4,0.34,0.435275281648062,1.2838914305625,3.61066306705292,0.0442255901829723,0.577356239468356,"mixture",1,"Broad + sharp"
300,5,0.22,0.380730787743176,1.27856119953409,3.5914685996577,0.0464851779289845,0.549780110898089,"mixture",1,"Broad + sharp"
350,6,0.18,0.341278751846537,1.26013214693438,3.52588739179058,0.0432822892132947,0.593474154736551,"mixture",1,"Broad + sharp"
400,7,0.22,0.311129489211826,1.25577633408541,3.51056268618995,0.040625834347161,0.579428810928324,"mixture",1,"Broad + sharp"
450,8,0.16,0.287174588749259,1.23452541451797,3.43674710333159,0.0399646090728955,0.548972186144779,"mixture",1,"Broad + sharp"
500,9,0.3,0.267580520586744,1.25218572887669,3.49798024433222,0.0412345146947039,0.559273048894289,"mixture",1,"Broad + sharp"
550,10,0.3,0.251188643150958,1.26876417932466,3.55645470517825,0.0429641594654003,0.649370098444986,"mixture",1,"Broad + sharp"
600,11,0.2,0.237227148661716,1.26069845627016,3.52788470023128,0.0409166047151811,0.689095322544121,"mixture",1,"Broad + sharp"
650,12,0.28,0.225160006420102,1.27105581656548,3.56461415490453,0.0426494250990197,0.71996320049675,"mixture",1,"Broad + sharp"
700,13,0.26,0.214602110453007,1.27663547143726,3.58455906274643,0.0479658732739518,0.719210837105601,"mixture",1,"Broad + sharp"
750,14,0.36,0.205268911144867,1.30249935424151,3.67847900999201,0.0481289941533297,0.750858011290907,"mixture",1,"Broad + sharp"
800,15,0.18,0.196945129270852,1.29186431726089,3.63956553955862,0.0450554017005698,0.728336604054162,"mixture",1,"Broad + sharp"
850,16,0.24,0.1894645708138,1.29300110468577,3.64370530446656,0.0474095043028308,0.74653220316378,"mixture",1,"Broad + sharp"
900,17,0.3,0.182696676564573,1.30505908533903,3.6879069885025,0.0506722487727284,0.778506492349655,"mixture",1,"Broad + sharp"
950,18,0.22,0.176537306841469,1.30258756304325,3.67880349852887,0.0486881398061015,0.751895807424938,"mixture",1,"Broad + sharp"
1000,19,0.18,0.170902273217667,1.2933588402895,3.64500902076242,0.0480480455135885,0.733391385596976,"mixture",1,"Broad + sharp"
1050,20,0.2,0.165722700866999,1.28772426846002,3.62452870869529,0.048271939406588,0.722256662701618,"mixture",1,"Broad + sharp"
1100,21,0.36,0.160941640249306,1.30800291513143,3.69877955460694,0.0506191708740132,0.757704937639676,"mixture",1,"Broad + sharp"
1150,22,0.2,0.156511549654616,1.30268152244318,3.67914917293745,0.0504920803567248,0.740362027762009,"mixture",1,"Broad + sharp"
1200,23,0.22,0.152392396370317,1.30054802889399,3.67130809932473,0.0494719423269585,0.73098771742252,"mixture",1,"Broad + sharp"
100,1,0.72,1,1.12158868669866,3.06972716617984,0.0492800377583007,0.574156497550131,"mixture",2,"Broad + sharp"
150,2,0.2,0.659753955386447,1.09915705221552,3.00163473587405,0.0689016183883245,0.839271349274815,"mixture",2,"Broad + sharp"
200,3,0.22,0.517281857971787,1.09191510620391,2.97997558104611,0.0683333674587114,0.829368852934526,"mixture",2,"Broad + sharp"
250,4,0.22,0.435275281648062,1.08582125226084,2.96187126365961,0.0650019955678532,0.795112346243174,"mixture",2,"Broad + sharp"
300,5,0.22,0.380730787743176,1.08049102123244,2.94612580628977,0.0592230766974325,0.802764173423598,"mixture",2,"Broad + sharp"
350,6,0.26,0.341278751846537,1.08936426878045,2.97238383458493,0.0555808313919418,0.802342588336215,"mixture",2,"Broad + sharp"
400,7,0.22,0.311129489211826,1.08500845593148,2.95946484366562,0.0597291702975299,0.766731443260901,"mixture",2,"Broad + sharp"
450,8,0.14,0.287174588749259,1.05801404458905,2.88064447336855,0.059896596258082,0.699851208372646,"mixture",2,"Broad + sharp"
500,9,0.18,0.267580520586744,1.04356469647737,2.83932031117101,0.0628045803206256,0.73261926502863,"mixture",2,"Broad + sharp"
550,10,0.16,0.251188643150958,1.02497673688419,2.78703062479553,0.0571034714572733,0.674931452288989,"mixture",2,"Broad + sharp"
600,11,0.28,0.237227148661716,1.03588918572263,2.81761050111003,0.0547155549027497,0.662373871715089,"mixture",2,"Broad + sharp"
650,12,0.26,0.225160006420102,1.04174334588956,2.83415362005953,0.0538129439545151,0.644607259567796,"mixture",2,"Broad + sharp"
700,13,0.2,0.214602110453007,1.03444687413415,2.81354955810902,0.0509397092625979,0.605851121651261,"mixture",2,"Broad + sharp"
750,14,0.22,0.205268911144867,1.03157310937813,2.80547568531166,0.050482762807441,0.600453738444051,"mixture",2,"Broad + sharp"
800,15,0.2,0.196945129270852,1.02487697498292,2.7867525991899,0.0516308996251517,0.590470708411394,"mixture",2,"Broad + sharp"
850,16,0.26,0.1894645708138,1.02980305382408,2.80051422981444,0.0516596272516996,0.591192863136516,"mixture",2,"Broad + sharp"
900,17,0.2,0.182696676564573,1.02359136682088,2.78317222927233,0.0496891343549653,0.577905063506699,"mixture",2,"Broad + sharp"
950,18,0.22,0.176537306841469,1.0211198445251,2.77630205045191,0.0494237303741515,0.601567204534373,"mixture",2,"Broad + sharp"
1000,19,0.22,0.170902273217667,1.01872721270005,2.76966732220618,0.0484149985438059,0.608814372357937,"mixture",2,"Broad + sharp"
1050,20,0.18,0.165722700866999,1.00977818685323,2.74499207215427,0.0466804471180516,0.595280003569563,"mixture",2,"Broad + sharp"
1100,21,0.3,0.160941640249306,1.02040033510969,2.77430519345144,0.0464455358712769,0.594392431992059,"mixture",2,"Broad + sharp"
1150,22,0.12,0.156511549654616,1.00255801844906,2.72524414459609,0.0444543626618348,0.562167454759765,"mixture",2,"Broad + sharp"
1200,23,0.32,0.152392396370317,1.01566376453691,2.76119557294322,0.0449973201376993,0.57266570983686,"mixture",2,"Broad + sharp"
100,1,0.64,1,1.04158868669866,2.83371532604774,0.047742348814545,0.165256308741897,"mixture",3,"Broad + sharp"
150,2,0.24,0.659753955386447,1.04554721043098,2.84495488677356,0.046548566942675,0.167267422273642,"mixture",3,"Broad + sharp"
200,3,0.24,0.517281857971787,1.04865090157881,2.85379846483999,0.0391287709805047,0.262736808217932,"mixture",3,"Broad + sharp"
250,4,0.3,0.435275281648062,1.07737907016758,2.9369718576572,0.0398993281300302,0.512547449219735,"mixture",3,"Broad + sharp"
300,5,0.36,0.380730787743176,1.12535114942322,3.08129865521463,0.0533084360290127,0.607054219517401,"mixture",3,"Broad + sharp"
350,6,0.24,0.341278751846537,1.1273988219343,3.08761461006602,0.0537067295554286,0.648772462805471,"mixture",3,"Broad + sharp"
400,7,0.26,0.311129489211826,1.13548818865381,3.11269275332927,0.0535793959542821,0.606782086152782,"mixture",3,"Broad + sharp"
450,8,0.22,0.287174588749259,1.13146774441132,3.10020346872972,0.0513007652924366,0.640566230034454,"mixture",3,"Broad + sharp"
500,9,0.26,0.267580520586744,1.13842483794657,3.12184707523957,0.0495992279759142,0.6372050098702,"mixture",3,"Broad + sharp"
550,10,0.28,0.251188643150958,1.14997951553152,3.15812821644925,0.0475868366280161,0.666928528551175,"mixture",3,"Broad + sharp"
600,11,0.2,0.237227148661716,1.14191379247702,3.13275808066888,0.0456425617985765,0.671434957371228,"mixture",3,"Broad + sharp"
650,12,0.3,0.225160006420102,1.15677435290074,3.17966025457572,0.0460243806817737,0.652022462706855,"mixture",3,"Broad + sharp"
700,13,0.34,0.214602110453007,1.17952217660876,3.25281955822406,0.0472676241131269,0.645577261238567,"mixture",3,"Broad + sharp"
750,14,0.24,0.205268911144867,1.18075379007563,3.25682824266542,0.0467870807106449,0.638825802206297,"mixture",3,"Broad + sharp"
800,15,0.22,0.196945129270852,1.17799655826584,3.24786078060267,0.0456841651016587,0.623484980017305,"mixture",3,"Broad + sharp"
850,16,0.28,0.1894645708138,1.18671192852327,3.27629079896215,0.0452550715562088,0.618180067559255,"mixture",3,"Broad + sharp"
900,17,0.2,0.182696676564573,1.18050024152008,3.25600258324561,0.0451413874138421,0.60430498060624,"mixture",3,"Broad + sharp"
950,18,0.24,0.176537306841469,1.18155946536113,3.2594532459978,0.0460065991593211,0.591762569947986,"mixture",3,"Broad + sharp"
1000,19,0.26,0.170902273217667,1.18600292446479,3.27396871876831,0.0470750922040892,0.618639762755501,"mixture",3,"Broad + sharp"
1050,20,0.22,0.165722700866999,1.18368280665265,3.26638153061615,0.0495642134259439,0.617358965382447,"mixture",3,"Broad + sharp"
1100,21,0.2,0.160941640249306,1.17821079088417,3.24855665285828,0.0484815566123655,0.610374012077954,"mixture",3,"Broad + sharp"
1150,22,0.26,0.156511549654616,1.18228009117519,3.26180293866952,0.0483653199216728,0.609563060989667,"mixture",3,"Broad + sharp"
1200,23,0.2,0.152392396370317,1.1770987496986,3.24494613196269,0.0495238360372608,0.650621121927139,"mixture",3,"Broad + sharp"
100,1,0.68,1,1.08158868669866,2.94936144234458,0.0298843392427327,0.170869463456281,"mixture",4,"Broad + sharp"
150,2,0.3,0.659753955386447,1.12513244775416,3.08062484374041,0.0409557400507237,0.579675222191805,"mixture",4,"Broad + sharp"
200,3,0.18,0.517281857971787,1.09719922742369,2.99576380996959,0.0360078673616214,0.543988275487387,"mixture",4,"Broad + sharp"
250,4,0.22,0.435275281648062,1.09110537348061,2.97756357397582,0.0369205536799116,0.533308500302798,"mixture",4,"Broad + sharp"
300,5,0.24,0.380730787743176,1.09338975820707,2.9843732497246,0.0378748709954641,0.509620063820258,"mixture",4,"Broad + sharp"
350,6,0.14,0.341278751846537,1.0613095555335,2.89015332841973,0.0359307477084558,0.49830800925239,"mixture",4,"Broad + sharp"
400,7,0.3,0.311129489211826,1.08184410182148,2.95011485007139,0.0333640922712361,0.55362032516752,"mixture",4,"Broad + sharp"
450,8,0.36,0.287174588749259,1.11802810000388,3.05881657206033,0.0350450942734916,0.563485896830038,"mixture",4,"Broad + sharp"
500,9,0.28,0.267580520586744,1.13033680395087,3.09669930506506,0.0404119232158006,0.636857829844743,"mixture",4,"Broad + sharp"
550,10,0.26,0.251188643150958,1.1368677086728,3.11698973850254,0.0384466384885244,0.618260925066402,"mixture",4,"Broad + sharp"
600,11,0.24,0.237227148661716,1.13829107156477,3.12142950498084,0.0397117477029511,0.609852371268768,"mixture",4,"Broad + sharp"
650,12,0.26,0.225160006420102,1.14414523173169,3.13975644533438,0.0398452036591055,0.595801278816234,"mixture",4,"Broad + sharp"
700,13,0.18,0.214602110453007,1.13255671776723,3.10358134658076,0.0376592167143275,0.589021662600727,"mixture",4,"Broad + sharp"
750,14,0.28,0.205268911144867,1.14199908767989,3.13302530130109,0.038356131894285,0.609399147185072,"mixture",4,"Broad + sharp"
800,15,0.16,0.196945129270852,1.12742514811385,3.08769589623261,0.0362957491782995,0.610046875416418,"mixture",4,"Broad + sharp"
850,16,0.34,0.1894645708138,1.14750839262011,3.15033372799233,0.0378046705052818,0.674918715513828,"mixture",4,"Broad + sharp"
900,17,0.26,0.182696676564573,1.15225850621079,3.16533376879313,0.0382651907871984,0.697002864816335,"mixture",4,"Broad + sharp"
950,18,0.28,0.176537306841469,1.1603792223255,3.19114319943181,0.038378374897839,0.690372160173463,"mixture",4,"Broad + sharp"
1000,19,0.26,0.170902273217667,1.16482268142916,3.20535446393608,0.0375567486510844,0.68361577209354,"mixture",4,"Broad + sharp"
1050,20,0.28,0.165722700866999,1.17244592566904,3.22988303876105,0.0388469434377726,0.682454574736052,"mixture",4,"Broad + sharp"
1100,21,0.18,0.160941640249306,1.16375507709558,3.2019342396677,0.0375325958294137,0.66018333981415,"mixture",4,"Broad + sharp"
1150,22,0.2,0.156511549654616,1.15843368440732,3.18494074484669,0.0379222881250381,0.659952934130943,"mixture",4,"Broad + sharp"
1200,23,0.28,0.152392396370317,1.16544373464036,3.20734577791089,0.0401954680067268,0.693497712819438,"mixture",4,"Broad + sharp"
100,1,0.7,1,1.10158868669866,3.00894249570319,0.0272642594261187,0.173265248719047,"dipole",1,"Dipole"
150,2,0.54,0.659753955386447,1.30347339704691,3.68206375156894,0.045324732877501,0.35340144452329,"dipole",1,"Dipole"
200,3,0.34,0.517281857971787,1.35830527399192,3.88959591363583,0.0472393058329441,0.484008523056392,"dipole",1,"Dipole"
250,4,0.24,0.435275281648062,1.36091692568181,3.89976745986316,0.0483165038955046,0.486121716144509,"dipole",1,"Dipole"
300,5,0.24,0.380730787743176,1.36320131040827,3.90868621213748,0.0434033628065285,0.480746413257609,"dipole",1,"Dipole"
350,6,0.2,0.341278751846537,1.35159783284548,3.86359397867095,0.0428922081225511,0.49881568748649,"dipole",1,"Dipole"
400,7,0.2,0.311129489211826,1.34101943021228,3.82293873881972,0.0451986253051594,0.581404659300055,"dipole",1,"Dipole"
450,8,0.22,0.287174588749259,1.33699898596979,3.80759968235014,0.0474933004073476,0.565925198219896,"dipole",1,"Dipole"
500,9,0.14,0.267580520586744,1.31184641703464,3.71302317602312,0.0430912502728173,0.532619708629327,"dipole",1,"Dipole"
550,10,0.2,0.251188643150958,1.30330600316751,3.6814474482175,0.0428278435609701,0.642834055159404,"dipole",1,"Dipole"
600,11,0.18,0.237227148661716,1.29049573713977,3.63458790943143,0.0402399100993148,0.64139294958268,"dipole",1,"Dipole"
650,12,0.32,0.225160006420102,1.3098594976919,3.70565302282931,0.0414510703016913,0.741598287914082,"dipole",1,"Dipole"
700,13,0.2,0.214602110453007,1.3025630259365,3.67871323244214,0.0401218688897697,0.703595344650887,"dipole",1,"Dipole"
750,14,0.14,0.205268911144867,1.28326774828888,3.60841186259313,0.0404358763856312,0.666747923310065,"dipole",1,"Dipole"
800,15,0.16,0.196945129270852,1.26869380872284,3.55620444412592,0.039995965898985,0.627602694560151,"dipole",1,"Dipole"
850,16,0.08,0.1894645708138,1.23951626481751,3.45394226719382,0.0368984012965649,0.584001883161207,"dipole",1,"Dipole"
900,17,0.28,0.182696676564573,1.24792031193948,3.4830916757017,0.0361936097172408,0.57872174386212,"dipole",1,"Dipole"
950,18,0.2,0.176537306841469,1.24191804350687,3.4622478422094,0.0358018127656973,0.582905547093676,"dipole",1,"Dipole"
1000,19,0.26,0.170902273217667,1.24636150261053,3.47766642946481,0.0363448650567868,0.589582722596845,"dipole",1,"Dipole"
1050,20,0.22,0.165722700866999,1.2440413847984,3.46960718644898,0.0359190252737326,0.602888444955879,"dipole",1,"Dipole"
1100,21,0.26,0.160941640249306,1.24822586744488,3.48415611615354,0.0360594822442024,0.590197369302071,"dipole",1,"Dipole"
1150,22,0.12,0.156511549654616,1.23038355078425,3.4225420032442,0.0344214396412569,0.575350381297876,"dipole",1,"Dipole"
1200,23,0.1,0.152392396370317,1.20996296967063,3.353360474207,0.0328529925617741,0.556445003834484,"dipole",1,"Dipole"
100,1,0.66,1,1.06158868669866,2.89096017288826,0.0455965032472469,0.879768730385874,"dipole",2,"Dipole"
150,2,0.16,0.659753955386447,1.01276689400006,2.75320832144391,0.0586400627873769,0.769135439809482,"dipole",2,"Dipole"
200,3,0.26,0.517281857971787,1.02621622230733,2.79048725040478,0.0582828477462502,0.643484553520089,"dipole",2,"Dipole"
250,4,0.26,0.435275281648062,1.03753337963018,2.8222470097449,0.0504287768697337,0.748070120834024,"dipole",2,"Dipole"
300,5,0.26,0.380730787743176,1.0474323801115,2.85032316793916,0.0488955393575116,0.696247577665622,"dipole",2,"Dipole"
350,6,0.26,0.341278751846537,1.05630562765951,2.87572733304112,0.0499314162711599,0.654044434924837,"dipole",2,"Dipole"
400,7,0.18,0.311129489211826,1.03950463524207,2.82781586701827,0.0477839538124947,0.612777252202686,"dipole",2,"Dipole"
450,8,0.26,0.287174588749259,1.04697117454955,2.8490088861411,0.0459275611042198,0.903617833000705,"dipole",2,"Dipole"
500,9,0.2,0.267580520586744,1.0378734368496,2.82320689841485,0.0436496148002433,0.883149388372893,"dipole",2,"Dipole"
550,10,0.2,0.251188643150958,1.02933302298247,2.799198211063,0.0455912700911107,0.844647808280298,"dipole",2,"Dipole"
600,11,0.18,0.237227148661716,1.01652275695474,2.76356843799516,0.0433083270576285,0.786269805230811,"dipole",2,"Dipole"
650,12,0.26,0.225160006420102,1.02237691712166,2.77979425819876,0.0422198284412596,0.865944744245871,"dipole",2,"Dipole"
700,13,0.16,0.214602110453007,1.00649636094814,2.73599825221047,0.0399078921292465,0.822691457783953,"dipole",2,"Dipole"
750,14,0.24,0.205268911144867,1.00772797441501,2.73937002043459,0.0400257456777693,0.809363499157839,"dipole",2,"Dipole"
800,15,0.18,0.196945129270852,0.99709293743438,2.71039108810773,0.0383767124454897,0.776196816829759,"dipole",2,"Dipole"
850,16,0.22,0.1894645708138,0.994440433442987,2.70321129135768,0.0373468048910871,0.770390435352559,"dipole",2,"Dipole"
900,17,0.2,0.182696676564573,0.988228746439791,2.68647183287499,0.0377263157132046,0.751120756023571,"dipole",2,"Dipole"
950,18,0.14,0.176537306841469,0.971634239596693,2.64225901719388,0.0407344847379409,0.703850974437803,"dipole",2,"Dipole"
1000,19,0.1,0.170902273217667,0.948733334985526,2.5824365047856,0.0388334164391059,0.664614924949178,"dipole",2,"Dipole"
1050,20,0.12,0.165722700866999,0.929840947086688,2.53410608860643,0.0373150345904213,0.641089635916449,"dipole",2,"Dipole"
1100,21,0.22,0.160941640249306,0.927587764123198,2.52840271172864,0.0371093112066286,0.665019102248012,"dipole",2,"Dipole"
1150,22,0.14,0.156511549654616,0.912875678455664,2.49147692811009,0.0368109792594758,0.670133576729898,"dipole",2,"Dipole"
1200,23,0.2,0.152392396370317,0.907694336979073,2.47860112114647,0.0357843300842657,0.641584325137739,"dipole",2,"Dipole"
100,1,0.6,1,1.00158868669866,2.72260375883075,0.0534591845480176,0.126959770699588,"dipole",3,"Dipole"
150,2,0.34,0.659753955386447,1.07152260596962,2.91982185532752,0.0431779686199341,0.524953289289469,"dipole",3,"Dipole"
200,3,0.1,0.517281857971787,1.0022068370014,2.7242872574425,0.0332490875405449,0.440020072664077,"dipole",3,"Dipole"
250,4,0.24,0.435275281648062,1.00481848869129,2.73141144576203,0.0306532337752187,0.394737977350635,"dipole",3,"Dipole"
300,5,0.22,0.380730787743176,0.999488257662885,2.71689112443463,0.0287625518159213,0.385018357860721,"dipole",3,"Dipole"
350,6,0.26,0.341278751846537,1.00836150521089,2.74110604555849,0.0279305083198162,0.408639667807015,"dipole",3,"Dipole"
400,7,0.2,0.311129489211826,0.997783102577693,2.7122623512275,0.0275366970580291,0.444977065396727,"dipole",3,"Dipole"
450,8,0.3,0.287174588749259,1.01673662543514,2.76415954138443,0.0337878109020945,0.477862969307431,"dipole",3,"Dipole"
500,9,0.14,0.267580520586744,0.99158405649999,2.69550091806159,0.0317907711464688,0.482404246455619,"dipole",3,"Dipole"
550,10,0.24,0.251188643150958,0.993091188358896,2.69956645625242,0.0305485213061549,0.474476377633068,"dipole",3,"Dipole"
600,11,0.3,0.237227148661716,1.00874818017057,2.74216616757623,0.0326991600465923,0.500504001168352,"dipole",3,"Dipole"
650,12,0.18,0.225160006420102,0.996589539823883,2.70902702707181,0.0317933574195919,0.577372011941921,"dipole",3,"Dipole"
700,13,0.32,0.214602110453007,1.01504532132284,2.75948845820959,0.0327723553125412,0.601293635748201,"dipole",3,"Dipole"
750,14,0.16,0.205268911144867,0.999855421898122,2.71788885284044,0.0307959854343486,0.568358291093931,"dipole",3,"Dipole"
800,15,0.12,0.196945129270852,0.977403677161245,2.65754742597492,0.0292420173287675,0.534367496661204,"dipole",3,"Dipole"
850,16,0.22,0.1894645708138,0.974751173169851,2.65050761151573,0.0298865703354121,0.517485822608484,"dipole",3,"Dipole"
900,17,0.22,0.182696676564573,0.972193419697947,2.64373692902959,0.0294023874125861,0.513295226374026,"dipole",3,"Dipole"
950,18,0.26,0.176537306841469,0.976783389675826,2.6558994937134,0.0294727648965197,0.504929925824923,"dipole",3,"Dipole"
1000,19,0.36,0.170902273217667,0.998317076101252,2.71371101425143,0.0349204551780168,0.557659506203732,"dipole",3,"Dipole"
1050,20,0.3,0.165722700866999,1.00925477435847,2.74355568494999,0.0345621865073832,0.548183088644983,"dipole",3,"Dipole"
1100,21,0.28,0.160941640249306,1.01665808980994,2.76394246491092,0.0342712104681899,0.566092386042595,"dipole",3,"Dipole"
1150,22,0.32,0.156511549654616,1.03011808308024,2.80139661271005,0.0346624033076429,0.575108020764555,"dipole",3,"Dipole"
1200,23,0.18,0.152392396370317,1.02188889367624,2.77843798440095,0.0346997045513983,0.553445282293281,"dipole",3,"Dipole"
100,1,0.66,1,1.06158868669866,2.89096017288826,0.0193654491732503,0.186873002063849,"dipole",4,"Dipole"
150,2,0.3,0.659753955386447,1.10513244775416,3.01962438479018,0.0494345852703918,0.670243219884209,"dipole",4,"Dipole"
200,3,0.22,0.517281857971787,1.09789050174256,2.99783542049991,0.0492386194764072,0.750430809870297,"dipole",4,"Dipole"
250,4,0.12,0.435275281648062,1.04826911963468,2.85270914406867,0.0439259667124863,0.626656284481596,"dipole",4,"Dipole"
300,5,0.18,0.380730787743176,1.02770965709655,2.7946577745712,0.0396369307503053,0.72815670917946,"dipole",4,"Dipole"
350,6,0.2,0.341278751846537,1.01610617953376,2.76241743753962,0.0395220949870998,0.676057578701396,"dipole",4,"Dipole"
400,7,0.24,0.311129489211826,1.01797295646904,2.7675790710078,0.0397093777381389,0.635445376068305,"dipole",4,"Dipole"
450,8,0.22,0.287174588749259,1.01395251222655,2.75647451125561,0.0403089299580837,0.584446826223737,"dipole",4,"Dipole"
500,9,0.14,0.267580520586744,0.988799943291392,2.68800677546329,0.0362902113216924,0.549144018731984,"dipole",4,"Dipole"
550,10,0.34,0.251188643150958,1.01542593946539,2.76053896949009,0.0389218430187727,0.747258466501055,"dipole",4,"Dipole"
600,11,0.32,0.237227148661716,1.0358274742503,2.8174366275826,0.0407173943998073,0.778352842022934,"dipole",4,"Dipole"
650,12,0.28,0.225160006420102,1.04618483454563,2.84676947706625,0.0438266531025001,0.763998113846804,"dipole",4,"Dipole"
700,13,0.26,0.214602110453007,1.0517644894174,2.86269786437546,0.0421726868103508,0.740925543449055,"dipole",4,"Dipole"
750,14,0.2,0.205268911144867,1.04478534643848,2.84278824353359,0.0431817047990768,0.69477223574022,"dipole",4,"Dipole"
800,15,0.18,0.196945129270852,1.03415030945785,2.81271528240953,0.0440558345760926,0.692792996059799,"dipole",4,"Dipole"
850,16,0.06,0.1894645708138,1.00118347413625,2.72150074907701,0.0429347335511696,0.637501341223327,"dipole",4,"Dipole"
900,17,0.34,0.182696676564573,1.0205493218521,2.77471855893688,0.0444520443057428,0.669522043421673,"dipole",4,"Dipole"
950,18,0.26,0.176537306841469,1.02513929182997,2.78748370723203,0.0456385212425921,0.658738903062634,"dipole",4,"Dipole"
1000,19,0.26,0.170902273217667,1.02958275093363,2.79989733638909,0.0485584192243376,0.638386150980982,"dipole",4,"Dipole"
1050,20,0.06,0.165722700866999,1.00074700098278,2.7203131462601,0.0475134218333209,0.596509542331098,"dipole",4,"Dipole"
1100,21,0.16,0.160941640249306,0.988837319604327,2.68810724512329,0.0452630240474184,0.5649077269737,"dipole",4,"Dipole"
1150,22,0.3,0.156511549654616,0.999167081881532,2.71601866491882,0.0458718650044033,0.573239245872157,"dipole",4,"Dipole"
1200,23,0.22,0.152392396370317,0.997033588332347,2.71023023360383,0.0450964187864086,0.558253445282904,"dipole",4,"Dipole"
100,1,0.72,1,1.12158868669866,3.06972716617984,0.0252725122123042,0.172752798084355,"ring",1,"Ring"
150,2,0.42,0.659753955386447,1.24430292240054,3.47051473786712,0.0285589153539061,0.20923512200358,"ring",1,"Ring"
200,3,0.32,0.517281857971787,1.28878916218611,3.62839050241222,0.0420333725017285,0.531231324822243,"ring",1,"Ring"
250,4,0.16,0.435275281648062,1.25657879134415,3.51338089329389,0.0404074073548142,0.502516920581788,"ring",1,"Ring"
300,5,0.34,0.380730787743176,1.29693625484493,3.65807208114752,0.0445133539341465,0.528024287900684,"ring",1,"Ring"
350,6,0.24,0.341278751846537,1.29898392735601,3.66557028910882,0.0448128444560169,0.523232270088198,"ring",1,"Ring"
400,7,0.24,0.311129489211826,1.30085070429128,3.6724194821479,0.0435210557416454,0.504711399014725,"ring",1,"Ring"
450,8,0.24,0.287174588749259,1.30257375182378,3.6787526901172,0.0447573535271888,0.52477629153468,"ring",1,"Ring"
500,9,0.3,0.267580520586744,1.3202340661825,3.7442976881655,0.0455626630824725,0.558623854205254,"ring",1,"Ring"
550,10,0.28,0.251188643150958,1.33178874376744,3.78781275789228,0.0477412568000393,0.594264114071251,"ring",1,"Ring"
600,11,0.16,0.237227148661716,1.31423393476648,3.72189867568498,0.0455542984527469,0.654730279329064,"ring",1,"Ring"
650,12,0.14,0.225160006420102,1.29306889416299,3.64395231771663,0.0469785660354456,0.661008281222629,"ring",1,"Ring"
700,13,0.08,0.214602110453007,1.26002016915322,3.52549259284861,0.0432749049277446,0.628654254262472,"ring",1,"Ring"
750,14,0.18,0.205268911144867,1.2489356479514,3.48662998009281,0.0418351580338332,0.618114808111982,"ring",1,"Ring"
800,15,0.2,0.196945129270852,1.24223951355619,3.46336103011268,0.0443834536783742,0.598145913279146,"ring",1,"Ring"
850,16,0.2,0.1894645708138,1.23579771814852,3.44112247195693,0.0471940919008427,0.619307182239045,"ring",1,"Ring"
900,17,0.2,0.182696676564573,1.22958603114533,3.41981354692494,0.0495685514964302,0.669831174957535,"ring",1,"Ring"
950,18,0.22,0.176537306841469,1.22711450884955,3.41137183772967,0.049300103462368,0.759191520886499,"ring",1,"Ring"
1000,19,0.26,0.170902273217667,1.23155796795321,3.4265638565388,0.0499447852207788,0.871124095994962,"ring",1,"Ring"
1050,20,0.12,0.165722700866999,1.21266558005437,3.36243555873007,0.0473966047787868,0.861161578461783,"ring",1,"Ring"
1100,21,0.22,0.160941640249306,1.21041239709088,3.3548679050691,0.0478197639091233,0.8553781946069,"ring",1,"Ring"
1150,22,0.24,0.156511549654616,1.21135146638881,3.35801983822755,0.0471549879127337,0.881086101774611,"ring",1,"Ring"
1200,23,0.14,0.152392396370317,1.19702658113,3.31025948683347,0.04539963530385,0.844702548153555,"ring",1,"Ring"
100,1,0.68,1,1.08158868669866,2.94936144234458,0.0266991335910383,0.922110227924307,"ring",2,"Ring"
150,2,0.16,0.659753955386447,1.03276689400006,2.80882681890989,0.0519753441306591,0.807258821876317,"ring",2,"Ring"
200,3,0.24,0.517281857971787,1.03587058514789,2.81755809242273,0.0445543786782472,0.67204948860513,"ring",2,"Ring"
250,4,0.2,0.435275281648062,1.02107122557186,2.7761670728336,0.0414152896206354,0.602123520823262,"ring",2,"Ring"
300,5,0.3,0.380730787743176,1.04619945756291,2.84681110572987,0.0393460075003542,0.589928944941746,"ring",2,"Ring"
350,6,0.2,0.341278751846537,1.03459598000012,2.81396910613009,0.0359740724043056,0.596564241398048,"ring",2,"Ring"
400,7,0.28,0.311129489211826,1.04890793650387,2.85453208499351,0.0461715163210297,0.720473046926026,"ring",2,"Ring"
450,8,0.22,0.287174588749259,1.04488749226138,2.84307863730905,0.0496260116845624,0.692352811524482,"ring",2,"Ring"
500,9,0.16,0.267580520586744,1.02508653373796,2.78733664878941,0.0509153646709971,0.688932099493752,"ring",2,"Ring"
550,10,0.14,0.251188643150958,1.00147480128177,2.72229371162192,0.0520966134179874,0.632095914065059,"ring",2,"Ring"
600,11,0.16,0.237227148661716,0.983919992280802,2.67492138807546,0.0498385504753094,0.583034423190729,"ring",2,"Ring"
650,12,0.16,0.225160006420102,0.967258151805715,2.63072152272453,0.0475292641022262,0.599103457915747,"ring",2,"Ring"
700,13,0.1,0.214602110453007,0.938501469005012,2.55614807973301,0.0443375117129082,0.560874652493298,"ring",2,"Ring"
750,14,0.2,0.205268911144867,0.931522326026086,2.5383704652259,0.0421246409444448,0.536552151430379,"ring",2,"Ring"
800,15,0.24,0.196945129270852,0.932703996801711,2.54137175634213,0.0430915724794526,0.527289831629631,"ring",2,"Ring"
850,16,0.2,0.1894645708138,0.926262201394042,2.52505337569761,0.0450677016801492,0.519481922733908,"ring",2,"Ring"
900,17,0.18,0.182696676564573,0.916396580859555,2.500264636469,0.0453563441865243,0.503376115760618,"ring",2,"Ring"
950,18,0.18,0.176537306841469,0.906863566290116,2.47654282708898,0.0496407128984969,0.507146140163298,"ring",2,"Ring"
1000,19,0.24,0.170902273217667,0.907888979929422,2.47908361033647,0.0486378572802462,0.492778860835473,"ring",2,"Ring"
1050,20,0.3,0.165722700866999,0.918826678186644,2.50634791136046,0.0538920743660272,0.509691352101618,"ring",2,"Ring"
1100,21,0.22,0.160941640249306,0.916573495223154,2.50070700832581,0.0542070727202866,0.561605550784844,"ring",2,"Ring"
1150,22,0.14,0.156511549654616,0.90186140955562,2.46418570360861,0.0527811737590173,0.53955271166965,"ring",2,"Ring"
1200,23,0.18,0.152392396370317,0.893632220151623,2.44399066110836,0.0510648124177086,0.521579561207808,"ring",2,"Ring"
100,1,0.56,1,0.961588686698657,2.615848938481,0.0409839292982717,0.230570980712323,"ring",3,"Ring"
150,2,0.24,0.659753955386447,0.965547210430976,2.62622436071322,0.0456926330044879,0.292527943568805,"ring",3,"Ring"
200,3,0.3,0.517281857971787,0.999687813057114,2.71743334881414,0.0560986998132682,0.439204235921143,"ring",3,"Ring"
250,4,0.2,0.435275281648062,0.984888453481079,2.6775132004859,0.055463303979399,0.439616693030455,"ring",3,"Ring"
300,5,0.24,0.380730787743176,0.987172838207539,2.68363666225436,0.0609089809430848,0.449644641743975,"ring",3,"Ring"
350,6,0.14,0.341278751846537,0.955092635533964,2.59891132330695,0.0522161085843121,0.411781098748181,"ring",3,"Ring"
400,7,0.3,0.311129489211826,0.975627181821945,2.65283049640094,0.0545426314581776,0.432320934634039,"ring",3,"Ring"
450,8,0.18,0.287174588749259,0.960119754029485,2.61200925332755,0.0485994116309785,0.449738469821691,"ring",3,"Ring"
500,9,0.2,0.267580520586744,0.951022016329535,2.58835364768061,0.0464781079614172,0.479180110673909,"ring",3,"Ring"
550,10,0.16,0.251188643150958,0.932434056736364,2.54068583086771,0.0429291632505774,0.465103093717135,"ring",3,"Ring"
600,11,0.2,0.237227148661716,0.924368333681866,2.52027578412906,0.0417232375044716,0.455282870651945,"ring",3,"Ring"
650,12,0.26,0.225160006420102,0.930222493848789,2.53507315305778,0.0407422158837725,0.4576546154937,"ring",3,"Ring"
700,13,0.1,0.214602110453007,0.901465811048086,2.46321106821684,0.0393168915176137,0.44679076133312,"ring",3,"Ring"
750,14,0.26,0.205268911144867,0.906802802737852,2.47639234812133,0.0379165335604564,0.447119607954602,"ring",3,"Ring"
800,15,0.28,0.196945129270852,0.915862278684311,2.49892909645779,0.0390440241472736,0.46177676924832,"ring",3,"Ring"
850,16,0.3,0.1894645708138,0.928366940358022,2.53037355074943,0.0390331668652096,0.468431713432893,"ring",3,"Ring"
900,17,0.1,0.182696676564573,0.90388558569837,2.46917870116962,0.0364138006332581,0.441126288936125,"ring",3,"Ring"
950,18,0.14,0.176537306841469,0.887291078855271,2.42854200382458,0.0346870748535749,0.430791121425178,"ring",3,"Ring"
1000,19,0.16,0.170902273217667,0.874644310637164,2.39802219127104,0.0330377330574358,0.410995928765238,"ring",3,"Ring"
1050,20,0.32,0.165722700866999,0.888896462911726,2.43244387760292,0.033253762188963,0.412572970935087,"ring",3,"Ring"
1100,21,0.44,0.160941640249306,0.922050440803083,2.51444081985994,0.03770906222617,0.438744057329965,"ring",3,"Ring"
1150,22,0.22,0.156511549654616,0.919859279107918,2.50893730519792,0.0385834331444884,0.486363607328564,"ring",3,"Ring"
1200,23,0.16,0.152392396370317,0.908582241776515,2.48080286029561,0.0377357636399551,0.50036555983298,"ring",3,"Ring"
100,1,0.72,1,1.12158868669866,3.06972716617984,0.0234175886378663,0.220074241861584,"ring",4,"Ring"
150,2,0.4,0.659753955386447,1.23110784329281,3.42502182272629,0.0510944514313868,0.507715663790034,"ring",4,"Ring"
200,3,0.3,0.517281857971787,1.26524844591895,3.54397311239813,0.0566792557626352,0.657707930204372,"ring",4,"Ring"
250,4,0.22,0.435275281648062,1.25915459197587,3.52244232723191,0.0735326081147852,0.710385955616512,"ring",4,"Ring"
300,5,0.16,0.380730787743176,1.23098051368288,3.42458574379707,0.0675014926356594,0.681142192759591,"ring",4,"Ring"
350,6,0.14,0.341278751846537,1.1989003110093,3.31646783350815,0.0631689631440597,0.646288725963646,"ring",4,"Ring"
400,7,0.26,0.311129489211826,1.20698967772881,3.34340476248417,0.0592789141458509,0.650108336390592,"ring",4,"Ring"
450,8,0.1,0.287174588749259,1.16850828283641,3.21718991984818,0.051837333330643,0.616090576898304,"ring",4,"Ring"
500,9,0.12,0.267580520586744,1.13800410348952,3.12053388287739,0.0479141497351112,0.560181702493612,"ring",4,"Ring"
550,10,0.18,0.251188643150958,1.12443991675937,3.07849215411486,0.0475184526706161,0.537339901362637,"ring",4,"Ring"
600,11,0.16,0.237227148661716,1.1068851077584,3.02492140025484,0.0429399294871132,0.512788626416201,"ring",4,"Ring"
650,12,0.18,0.225160006420102,1.09472646741172,2.98836515633237,0.0412522718062233,0.511903308288649,"ring",4,"Ring"
700,13,0.34,0.214602110453007,1.11747429111974,3.05712304125722,0.0415024986630552,0.517138765310567,"ring",4,"Ring"
750,14,0.16,0.205268911144867,1.10228439169502,3.01103656037237,0.042979931287268,0.508353865603351,"ring",4,"Ring"
800,15,0.22,0.196945129270852,1.09952715988522,3.00274586951831,0.0444144691443032,0.558943136864097,"ring",4,"Ring"
850,16,0.22,0.1894645708138,1.09687465589383,2.99479162810651,0.0426627340577048,0.608078399940903,"ring",4,"Ring"
900,17,0.34,0.182696676564573,1.11624050360967,3.05335352690024,0.0444960226851231,0.653941801322468,"ring",4,"Ring"
950,18,0.34,0.176537306841469,1.13495345813487,3.11102874645527,0.045981591071721,0.693434655707786,"ring",4,"Ring"
1000,19,0.14,0.170902273217667,1.11888864445241,3.06144995258846,0.0480939066972877,0.753064091238209,"ring",4,"Ring"
1050,20,0.2,0.165722700866999,1.11325407262293,3.04424849984862,0.0485134023644444,0.728831096380828,"ring",4,"Ring"
1100,21,0.3,0.160941640249306,1.12387622087939,3.07675730977926,0.0487304731942185,0.728661112258741,"ring",4,"Ring"
1150,22,0.22,0.156511549654616,1.12168505918422,3.07002301767259,0.0496923493826499,0.71334106790282,"ring",4,"Ring"
1200,23,0.18,0.152392396370317,1.11345586978022,3.04486288253024,0.0490898565843655,0.698812692816231,"ring",4,"Ring"
100,1,0.72,1,1.12158868669866,3.06972716617984,0.0288872363154719,0.237601462884206,"edge",1,"Moving edge"
150,2,0.42,0.659753955386447,1.24430292240054,3.47051473786712,0.0315090194126413,0.299377561433362,"edge",1,"Moving edge"
200,3,0.4,0.517281857971787,1.33017171082385,3.78169268938836,0.0391464621192025,0.419594273847904,"edge",1,"Moving edge"
250,4,0.38,0.435275281648062,1.39372190194447,4.02982077370857,0.045999674532162,0.473573054245293,"edge",1,"Moving edge"
300,5,0.14,0.380730787743176,1.35793320789661,3.88814899606309,0.0444809075511512,0.740617217274039,"edge",1,"Moving edge"
350,6,0.24,0.341278751846537,1.35998088040769,3.89611880887986,0.050390037996855,0.751320932925184,"edge",1,"Moving edge"
400,7,0.18,0.311129489211826,1.34317988799025,3.83120696491334,0.0712132928401427,0.720636580035637,"edge",1,"Moving edge"
450,8,0.14,0.287174588749259,1.31618547664782,3.72916920889623,0.0671192120807756,0.670691871105056,"edge",1,"Moving edge"
500,9,0.14,0.267580520586744,1.29103290771267,3.6365408275791,0.0622131880317526,0.606802189508331,"edge",1,"Moving edge"
550,10,0.26,0.251188643150958,1.29756381243459,3.66036845252285,0.0617307156540375,0.612248826344433,"edge",1,"Moving edge"
600,11,0.18,0.237227148661716,1.28475354640686,3.6137772190787,0.0611465606607805,0.590772308030928,"edge",1,"Moving edge"
650,12,0.18,0.225160006420102,1.27259490606017,3.57010463919249,0.0612438071397289,0.558580877557082,"edge",1,"Moving edge"
700,13,0.24,0.214602110453007,1.27388251872289,3.5747045119248,0.0613550117297455,0.542584934290131,"edge",1,"Moving edge"
750,14,0.1,0.205268911144867,1.24637648462948,3.47771853231944,0.0580970254322783,0.506113488698276,"edge",1,"Moving edge"
800,15,0.12,0.196945129270852,1.2239247398926,3.40050768601957,0.0582010912562943,0.477522543110474,"edge",1,"Moving edge"
850,16,0.1,0.1894645708138,1.19853648740355,3.31526144369247,0.0545714336284076,0.442583193302009,"edge",1,"Moving edge"
900,17,0.12,0.182696676564573,1.17770906627519,3.24692718084916,0.0512237197389249,0.418822925473258,"edge",1,"Moving edge"
950,18,0.26,0.176537306841469,1.18229903625307,3.26186473436557,0.0535101429211657,0.419986135874796,"edge",1,"Moving edge"
1000,19,0.22,0.170902273217667,1.17990640442802,3.25406962212865,0.052135285924491,0.405851427211459,"edge",1,"Moving edge"
1050,20,0.3,0.165722700866999,1.19084410268525,3.28985701282449,0.0531031688265185,0.406730516306117,"edge",1,"Moving edge"
1100,21,0.2,0.160941640249306,1.18537208691677,3.27190402768028,0.0530280548838945,0.406796143786213,"edge",1,"Moving edge"
1150,22,0.28,0.156511549654616,1.19257161820088,3.29554520366272,0.0535090057072904,0.402709551355997,"edge",1,"Moving edge"
1200,23,0.18,0.152392396370317,1.18434242879688,3.26853681896508,0.0522121681913426,0.396109009208243,"edge",1,"Moving edge"
100,1,0.52,1,0.921588686698657,2.51328003451036,0.0270178520955869,0.604021144530672,"edge",2,"Moving edge"
150,2,0.26,0.659753955386447,0.938742289538705,2.55676372680502,0.0308160821592361,0.502548255884772,"edge",2,"Moving edge"
200,3,0.3,0.517281857971787,0.972882892164842,2.64556034137594,0.0326572774450345,0.542367820290361,"edge",2,"Moving edge"
250,4,0.26,0.435275281648062,0.984200049487692,2.67567062399762,0.0540914832801249,0.456784762514923,"edge",2,"Moving edge"
300,5,0.44,0.380730787743176,1.06263059176279,2.89397384864197,0.0589810612311327,0.495360799335462,"edge",2,"Moving edge"
350,6,0.3,0.341278751846537,1.08515498938466,2.95989853604317,0.0582861173921619,0.497896108263986,"edge",2,"Moving edge"
400,7,0.22,0.311129489211826,1.08079917653569,2.94703381047701,0.0535114253834469,0.484434181652818,"edge",2,"Moving edge"
450,8,0.16,0.287174588749259,1.05954825696825,2.88506738575557,0.0516413451661843,0.460858083139767,"edge",2,"Moving edge"
500,9,0.24,0.267580520586744,1.06115374009177,2.88970303298459,0.0540147916163339,0.489449548903792,"edge",2,"Moving edge"
550,10,0.1,0.251188643150958,1.02749446190954,2.794056442373,0.0504016590361051,0.461793879758746,"edge",2,"Moving edge"
600,11,0.28,0.237227148661716,1.03840691074798,2.82471340741075,0.0485586899777264,0.46052998738452,"edge",2,"Moving edge"
650,12,0.26,0.225160006420102,1.0442610709149,2.84129822986176,0.0490663529845772,0.459219947095042,"edge",2,"Moving edge"
700,13,0.26,0.214602110453007,1.04984072578668,2.8571960041743,0.0501228038491204,0.456470942674513,"edge",2,"Moving edge"
750,14,0.3,0.205268911144867,1.06338847392224,2.8961679711299,0.0503124650801888,0.467557456262485,"edge",2,"Moving edge"
800,15,0.16,0.196945129270852,1.0488145343562,2.8542654780172,0.0487024325462819,0.460750315802369,"edge",2,"Moving edge"
850,16,0.28,0.1894645708138,1.05752990461363,2.87925017576887,0.0478780956764009,0.451418304255763,"edge",2,"Moving edge"
900,17,0.22,0.182696676564573,1.05497215114173,2.87189517378601,0.049720750030868,0.448164924779568,"edge",2,"Moving edge"
950,18,0.2,0.176537306841469,1.04896988270912,2.85470891790094,0.0495721353658153,0.436330147286888,"edge",2,"Moving edge"
1000,19,0.16,0.170902273217667,1.03632311449101,2.81883340867274,0.0490707585866625,0.428404609196812,"edge",2,"Moving edge"
1050,20,0.22,0.165722700866999,1.03400299667887,2.81230096402274,0.0485689625929975,0.427457764142797,"edge",2,"Moving edge"
1100,21,0.24,0.160941640249306,1.03496864652037,2.81501797363171,0.048231151502295,0.428399303990034,"edge",2,"Moving edge"
1150,22,0.22,0.156511549654616,1.0327774848252,2.80885656686111,0.0478055700427324,0.426596088943782,"edge",2,"Moving edge"
1200,23,0.28,0.152392396370317,1.03978753505824,2.82861596877619,0.0482862683631554,0.423443421649297,"edge",2,"Moving edge"
100,1,0.64,1,1.04158868669866,2.83371532604774,0.0308071960148652,0.14629497379182,"edge",3,"Moving edge"
150,2,0.28,0.659753955386447,1.07193736864643,2.92103313963645,0.0392050790535934,0.282039709144136,"edge",3,"Moving edge"
200,3,0.16,0.517281857971787,1.03365851115652,2.81133233390525,0.0315327479442761,0.331687967192494,"edge",3,"Moving edge"
250,4,0.28,0.435275281648062,1.05368117411233,2.8681900152377,0.0278511421072284,0.424834166522379,"edge",3,"Moving edge"
300,5,0.32,0.380730787743176,1.08642402185825,2.963657127787,0.0387072936318773,0.402977198074745,"edge",3,"Moving edge"
350,6,0.18,0.341278751846537,1.06799496925853,2.90953993067081,0.0460467150703094,0.392385075403833,"edge",3,"Moving edge"
400,7,0.24,0.311129489211826,1.0698617461938,2.91497646552578,0.0476877760331019,0.39152669341038,"edge",3,"Moving edge"
450,8,0.3,0.287174588749259,1.08881526905125,2.97075244452202,0.0524848366875958,0.402045277656979,"edge",3,"Moving edge"
500,9,0.28,0.267580520586744,1.10112397299824,3.0075445237552,0.0595704583020554,0.387316309041776,"edge",3,"Moving edge"
550,10,0.16,0.251188643150958,1.08253601340507,2.9521567750434,0.0545668040245307,0.386506489090121,"edge",3,"Moving edge"
600,11,0.2,0.237227148661716,1.07447029035058,2.92844126601571,0.0544303018246055,0.406860786852944,"edge",3,"Moving edge"
650,12,0.28,0.225160006420102,1.0848276506459,2.95892980514975,0.0551808093017224,0.436569458730369,"edge",3,"Moving edge"
700,13,0.26,0.214602110453007,1.09040730551768,2.97548575755015,0.0536052949549952,0.483872959061261,"edge",3,"Moving edge"
750,14,0.14,0.205268911144867,1.07111202787006,2.918623286489,0.052570575841185,0.453977128849032,"edge",3,"Moving edge"
800,15,0.28,0.196945129270852,1.08017150381652,2.94518461815619,0.0543240920619938,0.460342774197769,"edge",3,"Moving edge"
850,16,0.2,0.1894645708138,1.07372970840885,2.9262733181673,0.0534993029556408,0.445555689922253,"edge",3,"Moving edge"
900,17,0.24,0.182696676564573,1.07482588846824,2.92948279939027,0.0530647528312605,0.468407641766354,"edge",3,"Moving edge"
950,18,0.16,0.176537306841469,1.06176212776197,2.8914616275798,0.0519362334997212,0.460813025534381,"edge",3,"Moving edge"
1000,19,0.34,0.170902273217667,1.07987776872304,2.94431964112034,0.0563946675421446,0.488089893238272,"edge",3,"Moving edge"
1050,20,0.26,0.165722700866999,1.08418655894558,2.95703346773789,0.0579004193004926,0.480241390706411,"edge",3,"Moving edge"
1100,21,0.2,0.160941640249306,1.07871454317711,2.94089672449638,0.056296569636925,0.473573920184645,"edge",3,"Moving edge"
1150,22,0.24,0.156511549654616,1.07965361247504,2.9436597274413,0.0551953027645706,0.47207236827535,"edge",3,"Moving edge"
1200,23,0.36,0.152392396370317,1.0988550544177,3.00072838565873,0.0562520800804028,0.485004395910232,"edge",3,"Moving edge"
100,1,0.72,1,1.12158868669866,3.06972716617984,0.0343845266516637,0.496095425204505,"edge",4,"Moving edge"
150,2,0.12,0.659753955386447,1.0463767357846,2.84731582807702,0.0473171114845268,0.622246886261623,"edge",4,"Moving edge"
200,3,0.28,0.517281857971787,1.0701717012513,2.91588011726225,0.0485057405399521,0.605768151094072,"edge",4,"Moving edge"
250,4,0.18,0.435275281648062,1.04666683604231,2.84814195495653,0.0431334064403636,0.645730536221386,"edge",4,"Moving edge"
300,5,0.28,0.380730787743176,1.0641804522785,2.89846258200025,0.0410938099583262,0.628508053272704,"edge",4,"Moving edge"
350,6,0.16,0.341278751846537,1.03892582464185,2.82617957081745,0.0363141586979965,0.542572819677734,"edge",4,"Moving edge"
400,7,0.24,0.311129489211826,1.04079260157712,2.83146034513547,0.0368263767975542,0.53274058624673,"edge",4,"Moving edge"
450,8,0.26,0.287174588749259,1.0482591408846,2.85268067773911,0.0388901261260946,0.527756950319923,"edge",4,"Moving edge"
500,9,0.26,0.267580520586744,1.05521623441986,2.87259624093037,0.043013019449795,0.493724712559435,"edge",4,"Moving edge"
550,10,0.24,0.251188643150958,1.05672336627876,2.87692888635672,0.0405825004396747,0.497209247959714,"edge",4,"Moving edge"
600,11,0.22,0.237227148661716,1.0534021861975,2.86738993649734,0.0404820844136713,0.498180926558216,"edge",4,"Moving edge"
650,12,0.2,0.225160006420102,1.04574674597922,2.84552261304552,0.0402268118870985,0.50299715788618,"edge",4,"Moving edge"
700,13,0.22,0.214602110453007,1.04274231643287,2.8369862706729,0.0385842458988544,0.483414967588485,"edge",4,"Moving edge"
750,14,0.2,0.205268911144867,1.03576317345395,2.81725546998813,0.0381407930051379,0.483436438623613,"edge",4,"Moving edge"
800,15,0.2,0.196945129270852,1.02906703905874,2.79845376834881,0.0363894179641326,0.464258451276631,"edge",4,"Moving edge"
850,16,0.26,0.1894645708138,1.0339931178999,2.81227318206034,0.0374307013907609,0.457978989991254,"edge",4,"Moving edge"
900,17,0.22,0.182696676564573,1.03143536442799,2.80508927181715,0.0371474803862685,0.442280972741018,"edge",4,"Moving edge"
950,18,0.3,0.176537306841469,1.04308682667953,2.83796380988924,0.0386910929634409,0.469906156755764,"edge",4,"Moving edge"
1000,19,0.34,0.170902273217667,1.0612024676406,2.88984384456093,0.0424784716583265,0.496040123279259,"edge",4,"Moving edge"
1050,20,0.32,0.165722700866999,1.07545461991517,2.93132523648786,0.0421636764320771,0.511244422956262,"edge",4,"Moving edge"
1100,21,0.28,0.160941640249306,1.08285793536663,2.95310729213121,0.0466793440432751,0.527590138917529,"edge",4,"Moving edge"
1150,22,0.16,0.156511549654616,1.07127608069219,2.91910213415297,0.0456182646457771,0.507910857957602,"edge",4,"Moving edge"
1200,23,0.08,0.152392396370317,1.04780765165116,2.85139301383174,0.0441517249964156,0.477009061959701,"edge",4,"Moving edge"
100,1,0.66,1,1.06158868669866,2.89096017288826,0.0247980711767694,0.360217204392174,"sine",1,"Sine-cosine"
150,2,0.4,0.659753955386447,1.17110784329281,3.2255640793957,0.0208123347284654,0.499663205543587,"sine",1,"Sine-cosine"
200,3,0.34,0.517281857971787,1.22593972023782,3.40736655008813,0.0223619213703951,0.57284646613705,"sine",1,"Sine-cosine"
250,4,0.22,0.435275281648062,1.21984586629474,3.38666569405853,0.0220722747155216,0.530582328867827,"sine",1,"Sine-cosine"
300,5,0.36,0.380730787743176,1.26781794555038,3.55309105926819,0.0235343503046029,0.643322621408926,"sine",1,"Sine-cosine"
350,6,0.3,0.341278751846537,1.29034234317226,3.63403042832993,0.0264751559606019,0.697014251380426,"sine",1,"Sine-cosine"
400,7,0.36,0.311129489211826,1.32954465881295,3.77932211469734,0.0326055857085797,0.751513506326631,"sine",1,"Sine-cosine"
450,8,0.16,0.287174588749259,1.3082937392455,3.69985540532812,0.0362596767770854,0.729072703586746,"sine",1,"Sine-cosine"
500,9,0.32,0.267580520586744,1.33130566401596,3.78598338414881,0.0369174986035912,0.722633304622228,"sine",1,"Sine-cosine"
550,10,0.24,0.251188643150958,1.33281279587487,3.79169366231454,0.0344439701252132,0.688656197397703,"sine",1,"Sine-cosine"
600,11,0.24,0.237227148661716,1.33423615876684,3.79709446110767,0.0343222238497161,0.677578076263367,"sine",1,"Sine-cosine"
650,12,0.3,0.225160006420102,1.34909671919056,3.85394276543558,0.0354666671696975,0.674347672164264,"sine",1,"Sine-cosine"
700,13,0.24,0.214602110453007,1.35038433185328,3.85890834712862,0.0347863258968404,0.669982218770967,"sine",1,"Sine-cosine"
750,14,0.28,0.205268911144867,1.35982670176594,3.89551815687888,0.0352206071602853,0.660487822787591,"sine",1,"Sine-cosine"
800,15,0.2,0.196945129270852,1.35313056737074,3.86952038319579,0.0349467216243798,0.633595114393343,"sine",1,"Sine-cosine"
850,16,0.28,0.1894645708138,1.36184593762817,3.90339207381556,0.0354290432756612,0.673903477402288,"sine",1,"Sine-cosine"
900,17,0.2,0.182696676564573,1.35563425062498,3.87922057461747,0.0364271504057193,0.696586266077191,"sine",1,"Sine-cosine"
950,18,0.14,0.176537306841469,1.33903974378188,3.81537800528431,0.0351705260920236,0.667066293887681,"sine",1,"Sine-cosine"
1000,19,0.08,0.170902273217667,1.31272079370636,3.71627117665084,0.0340852774305519,0.638882124742381,"sine",1,"Sine-cosine"
1050,20,0.22,0.165722700866999,1.31040067589422,3.70765898421294,0.037059126675642,0.625341972860911,"sine",1,"Sine-cosine"
1100,21,0.28,0.160941640249306,1.31780399134569,3.73520981115476,0.0366436910116695,0.629633953066936,"sine",1,"Sine-cosine"
1150,22,0.22,0.156511549654616,1.31561282965052,3.72703432267276,0.0366011610826608,0.628680810921621,"sine",1,"Sine-cosine"
1200,23,0.38,0.152392396370317,1.33786211952059,3.81088756812212,0.0377065744687965,0.653359000903306,"sine",1,"Sine-cosine"
100,1,0.62,1,1.02158868669866,2.77760400312101,0.0621503900293069,0.576839988961565,"sine",2,"Sine-cosine"
150,2,0.22,0.659753955386447,1.01235213132325,2.75206663017251,0.0463590677032548,0.627953961487738,"sine",2,"Sine-cosine"
200,3,0.28,0.517281857971787,1.03614709678995,2.81833728776079,0.0418543164446144,0.554593799800263,"sine",2,"Sine-cosine"
250,4,0.22,0.435275281648062,1.03005324284688,2.80121497538871,0.0418382060397621,0.571163169175157,"sine",2,"Sine-cosine"
300,5,0.16,0.380730787743176,1.00187916455388,2.72339472980545,0.0372993088181088,0.523131161574033,"sine",2,"Sine-cosine"
350,6,0.16,0.341278751846537,0.976624536917237,2.65547763026026,0.0354865963160356,0.484396568902287,"sine",2,"Sine-cosine"
400,7,0.24,0.311129489211826,0.978491313852508,2.66043944451183,0.0383188373241663,0.473744682204118,"sine",2,"Sine-cosine"
450,8,0.14,0.287174588749259,0.951496902510078,2.58958311296318,0.0368352235009857,0.431655374295926,"sine",2,"Sine-cosine"
500,9,0.32,0.267580520586744,0.974508827280538,2.64986534971938,0.0401049738887012,0.47075241227417,"sine",2,"Sine-cosine"
550,10,0.14,0.251188643150958,0.950897094824348,2.58803032684226,0.0387421986775165,0.439061310044705,"sine",2,"Sine-cosine"
600,11,0.16,0.237227148661716,0.933342285823381,2.54299440383814,0.0366650899119471,0.444096015684234,"sine",2,"Sine-cosine"
650,12,0.24,0.225160006420102,0.934693245861902,2.54643220930195,0.0350398593905401,0.431810473444926,"sine",2,"Sine-cosine"
700,13,0.3,0.214602110453007,0.9488569851518,2.58275584323153,0.0358243858138235,0.449938409903027,"sine",2,"Sine-cosine"
750,14,0.16,0.205268911144867,0.93366708572708,2.54382050232671,0.0335623311369301,0.449997186084287,"sine",2,"Sine-cosine"
800,15,0.14,0.196945129270852,0.91515424357562,2.49716039314928,0.0316299771845308,0.424113800913581,"sine",2,"Sine-cosine"
850,16,0.34,0.1894645708138,0.935237488081883,2.54781846241509,0.0346981291712338,0.44909428641085,"sine",2,"Sine-cosine"
900,17,0.28,0.182696676564573,0.943641535203853,2.56932067508096,0.0345911738542785,0.465054855279653,"sine",2,"Sine-cosine"
950,18,0.32,0.176537306841469,0.958823743592219,2.60862625474726,0.0393288665481485,0.504811928436489,"sine",2,"Sine-cosine"
1000,19,0.14,0.170902273217667,0.942758929909759,2.56705397949682,0.0385337554882132,0.49489250436918,"sine",2,"Sine-cosine"
1050,20,0.26,0.165722700866999,0.9470677201323,2.57813874038942,0.0375828078656946,0.49183302387143,"sine",2,"Sine-cosine"
1100,21,0.26,0.160941640249306,0.951252202778782,2.58894952019442,0.0368511884933659,0.498714132505109,"sine",2,"Sine-cosine"
1150,22,0.2,0.156511549654616,0.945930810090525,2.57520929414035,0.0354236141400375,0.485978318184107,"sine",2,"Sine-cosine"
1200,23,0.16,0.152392396370317,0.934653772759122,2.54633169570543,0.0339248548198766,0.472960748961707,"sine",2,"Sine-cosine"
100,1,0.52,1,0.921588686698657,2.51328003451036,0.0191254425455146,0.282784483056624,"sine",3,"Sine-cosine"
150,2,0.38,0.659753955386447,1.01791276418508,2.76741248911601,0.0171741817043068,0.296005533951921,"sine",3,"Sine-cosine"
200,3,0.26,0.517281857971787,1.03136209249234,2.8048837450263,0.0239098128618228,0.291550256665185,"sine",3,"Sine-cosine"
250,4,0.42,0.435275281648062,1.11232329487888,3.04141629937667,0.0299676180781497,0.331512101623796,"sine",3,"Sine-cosine"
300,5,0.3,0.380730787743176,1.13745152686993,3.11881002513869,0.0305316640138563,0.386321362679717,"sine",3,"Sine-cosine"
350,6,0.32,0.341278751846537,1.16680149952874,3.21170355714338,0.031198092737109,0.416172978991738,"sine",3,"Sine-cosine"
400,7,0.24,0.311129489211826,1.16866827646401,3.21770469091307,0.0312530035035622,0.485394090105589,"sine",3,"Sine-cosine"
450,8,0.16,0.287174588749259,1.14741735689656,3.15004694813577,0.0298139238321334,0.53922224938672,"sine",3,"Sine-cosine"
500,9,0.18,0.267580520586744,1.13296800878488,3.10485808424852,0.031015408097727,0.507353767862861,"sine",3,"Sine-cosine"
550,10,0.24,0.251188643150958,1.13447514064378,3.10954104281627,0.0306966369304753,0.543497823968559,"sine",3,"Sine-cosine"
600,11,0.36,0.237227148661716,1.16436576137516,3.20389020775081,0.03361422917885,0.567987292252012,"sine",3,"Sine-cosine"
650,12,0.22,0.225160006420102,1.16121352128528,3.19380667779772,0.0322063873771418,0.533436868205473,"sine",3,"Sine-cosine"
700,13,0.2,0.214602110453007,1.15391704952988,3.17058796792204,0.0310635521650718,0.518730941751834,"sine",3,"Sine-cosine"
750,14,0.18,0.205268911144867,1.14283252832805,3.13563758037748,0.0307737402250231,0.498793659205132,"sine",3,"Sine-cosine"
800,15,0.24,0.196945129270852,1.14401419910368,3.13934506174894,0.0322489611676477,0.48382171696162,"sine",3,"Sine-cosine"
850,16,0.24,0.1894645708138,1.14515098652856,3.14291585897166,0.0334093740487057,0.496185620408105,"sine",3,"Sine-cosine"
900,17,0.22,0.182696676564573,1.14259323305666,3.13488732690131,0.0338806240898357,0.481973311846147,"sine",3,"Sine-cosine"
950,18,0.18,0.176537306841469,1.13306021848722,3.10514439548841,0.0334412956154933,0.472715316321125,"sine",3,"Sine-cosine"
1000,19,0.26,0.170902273217667,1.13750367759088,3.11897267757117,0.0349471091173622,0.488195486260561,"sine",3,"Sine-cosine"
1050,20,0.16,0.165722700866999,1.12524019772672,3.08095679886653,0.0337319571442497,0.475631870156179,"sine",3,"Sine-cosine"
1100,21,0.24,0.160941640249306,1.12620584756822,3.08393336123821,0.0335763933858045,0.484442094278661,"sine",3,"Sine-cosine"
1150,22,0.2,0.156511549654616,1.12088445487996,3.06756612766005,0.0330541748319786,0.479219640978875,"sine",3,"Sine-cosine"
1200,23,0.18,0.152392396370317,1.11265526547596,3.04242612776892,0.0323292408186158,0.468137217601771,"sine",3,"Sine-cosine"
100,1,0.72,1,1.12158868669866,3.06972716617984,0.0297713048579231,0.194882560147309,"sine",4,"Sine-cosine"
150,2,0.18,0.659753955386447,1.08596197310779,2.96228809001978,0.0348907097702889,0.453540449557147,"sine",4,"Sine-cosine"
200,3,0.2,0.517281857971787,1.06837438993675,2.91064407973985,0.0286780247901546,0.424270301640703,"sine",4,"Sine-cosine"
250,4,0.16,0.435275281648062,1.03616401909479,2.81838498092706,0.0230153982589695,0.371591790825436,"sine",4,"Sine-cosine"
300,5,0.32,0.380730787743176,1.0689068668407,2.91219434319106,0.023734690951982,0.363022678768327,"sine",4,"Sine-cosine"
350,6,0.22,0.341278751846537,1.06412896431485,2.89831334990607,0.0239929172243593,0.363799285021105,"sine",4,"Sine-cosine"
400,7,0.32,0.311129489211826,1.09088610038707,2.97691074597616,0.0286748304443967,0.435894608729398,"sine",4,"Sine-cosine"
450,8,0.26,0.287174588749259,1.09835263969455,2.99922115419696,0.027594661202728,0.429831760983525,"sine",4,"Sine-cosine"
500,9,0.18,0.267580520586744,1.08390329158287,2.95619595529159,0.0252935679545,0.389979893548903,"sine",4,"Sine-cosine"
550,10,0.2,0.251188643150958,1.07536287771573,2.93105632259898,0.02890476559198,0.49981815434687,"sine",4,"Sine-cosine"
600,11,0.28,0.237227148661716,1.08627532655417,2.96321647865126,0.0284867760033646,0.47964438502916,"sine",4,"Sine-cosine"
650,12,0.12,0.225160006420102,1.06060708582228,2.88812379617166,0.0283925448011741,0.46966052827198,"sine",4,"Sine-cosine"
700,13,0.3,0.214602110453007,1.07477082511218,2.9293214966768,0.027735909751045,0.485667294157279,"sine",4,"Sine-cosine"
750,14,0.28,0.205268911144867,1.08421319502484,2.9571122325647,0.0282423766319702,0.496279178926427,"sine",4,"Sine-cosine"
800,15,0.28,0.196945129270852,1.0932726709713,2.98402383816651,0.0282944713474247,0.501354121384391,"sine",4,"Sine-cosine"
850,16,0.18,0.1894645708138,1.08304158414736,2.95364967648734,0.0276954135607378,0.489557871991638,"sine",4,"Sine-cosine"
900,17,0.28,0.182696676564573,1.09144563126933,2.97857688555707,0.0277584077994597,0.488360483488704,"sine",4,"Sine-cosine"
950,18,0.24,0.176537306841469,1.09250485511038,2.98173353671159,0.0275069197290202,0.493806293646233,"sine",4,"Sine-cosine"
1000,19,0.38,0.170902273217667,1.11745658700016,3.05706891806443,0.0274156540179225,0.502925912935516,"sine",4,"Sine-cosine"
1050,20,0.22,0.165722700866999,1.11513646918802,3.04998437967453,0.0271435956900398,0.496200085857468,"sine",4,"Sine-cosine"
1100,21,0.28,0.160941640249306,1.12253978463949,3.07264816622487,0.0286409915137547,0.519472047531155,"sine",4,"Sine-cosine"
1150,22,0.36,0.156511549654616,1.14226023989597,3.13384360464776,0.0295515149896913,0.540929344229773,"sine",4,"Sine-cosine"
1200,23,0.2,0.152392396370317,1.13707889841938,3.11764808429099,0.0288651400180459,0.545707711383836,"sine",4,"Sine-cosine"
