"source","chain","retained_draws","warmup_acceptance_rate","sampling_acceptance_rate","final_scale","final_cov_11","final_cov_22","final_cov_33","final_cov_12","final_cov_13","final_cov_23","runtime_seconds","initial_log_ell","initial_log_sigma_f","initial_log_sigma_n","source_label"
"spike",1,1500,0.246623311655828,0.206833333333333,3.19890445582766,0.557829665813831,0.0486216741653007,0.355079273535082,0.0184588465548551,0.0248364753948505,-5.67476960675529e-05,41.6,-2.53854309139711,-2.92047415985644,-10.7543139007988,"Narrow spike"
"spike",2,1500,0.240120060030015,0.216,2.79587789116578,0.581497623298702,0.0512486241062256,0.285906573638194,0.0630524930807223,0.0595885293342257,0.00533899228312272,31.56,-2.88854309139711,-2.67047415985644,-10.9043139007988,"Narrow spike"
"spike",3,1500,0.238619309654827,0.221666666666667,2.65729938060047,0.554732135621473,0.0441954669636839,0.302232466867546,0.00883163174207082,0.0402409540272296,-0.000742546824373476,20.56,-2.18854309139711,-3.17047415985644,-10.6043139007988,"Narrow spike"
"spike",4,1500,0.214107053526763,0.204666666666667,2.26329498034795,0.649994515140121,0.052807602790022,0.285874854248269,0.0685360706658787,0.00206726907126481,-0.0103202442308776,19.93,-2.73854309139711,-3.22047415985644,-10.5043139007988,"Narrow spike"
"mixture",1,700,0.293577981651376,0.200357142857143,3.67130809932473,0.644252766154831,0.139679522208654,0.248622768726761,0.225975972857215,0.0215457223628226,-0.0211968368729516,10.16,-1.11777048811732,-1.52424475990961,-8.67715327350215,"Broad + sharp"
"mixture",2,700,0.259382819015847,0.256071428571429,2.76119557294322,0.504847615077587,0.105420053757548,0.155448583392183,0.163175722154095,0.0647728783663532,0.00700293705527994,10.03,-1.46777048811732,-1.27424475990961,-8.82715327350215,"Broad + sharp"
"mixture",3,700,0.284403669724771,0.23,3.24494613196269,0.566841118279701,0.135875327605701,0.224705085972466,0.204079039979941,0.0410820356843852,-0.0154884724501936,10.04,-0.767770488117322,-1.77424475990961,-8.52715327350215,"Broad + sharp"
"mixture",4,700,0.281067556296914,0.219285714285714,3.20734577791089,0.618568668981968,0.107800941620871,0.210075856386185,0.185754155947004,0.0899850441685287,-0.00629709974062296,9.99,-1.31777048811732,-1.82424475990961,-8.42715327350215,"Broad + sharp"
"dipole",1,700,0.260216847372811,0.237857142857143,3.353360474207,0.522896685091863,0.066921374623138,0.276626545652378,0.127470152699448,-0.0129687600611143,0.0115171116659406,10.41,-2.05125332695111,-1.6350635023488,-9.80894692502191,"Dipole"
"dipole",2,700,0.236030025020851,0.221071428571429,2.47860112114647,0.592496833658436,0.0804884452828721,0.23450738022805,0.156212532128687,-0.0476365109929571,-0.000344881692552122,10.29,-2.40125332695111,-1.3850635023488,-9.95894692502191,"Dipole"
"dipole",3,700,0.267723102585488,0.216785714285714,2.77843798440095,0.527051402786831,0.060313576275829,0.335051865416108,0.111356874362459,0.0181345658976197,-0.00722259361603286,10.39,-1.70125332695111,-1.8850635023488,-9.65894692502191,"Dipole"
"dipole",4,700,0.253544620517098,0.193214285714286,2.71023023360383,0.527828839345032,0.0757016302183268,0.314876994359365,0.120984648646561,0.00650214365316437,-0.00711404187941074,10.3,-2.25125332695111,-1.9350635023488,-9.55894692502191,"Dipole"
"ring",1,700,0.263552960800667,0.2025,3.31025948683347,0.657732320820868,0.0643617937673334,0.470996291170367,0.0746585768995814,0.261259612806229,-0.0237976382629985,10.32,-2.0393687353503,-1.32303740136278,-8.49504268827045,"Ring"
"ring",2,700,0.237698081734779,0.223571428571429,2.44399066110836,0.444278499484828,0.0688199470465831,0.335759593454451,0.0606870704375935,0.116574990403028,-0.0278160978302141,10.35,-2.3893687353503,-1.07303740136278,-8.64504268827045,"Ring"
"ring",3,700,0.252710592160133,0.245714285714286,2.48080286029561,0.417972441850753,0.0639213493422303,0.302925529898005,0.0550646538229947,0.126312835928481,-0.0454674428511253,10.39,-1.6893687353503,-1.57303740136278,-8.34504268827045,"Ring"
"ring",4,700,0.256880733944954,0.191785714285714,3.04486288253024,0.595701337476534,0.0741389732964222,0.365895161848493,0.0959322898195599,0.173858640570463,-0.0158300788283912,10.34,-2.2393687353503,-1.62303740136278,-8.24504268827045,"Ring"
"edge",1,700,0.261050875729775,0.2275,3.26853681896508,0.350979788869075,0.100787841625063,0.128491847944327,0.112272035318677,0.0295742644830661,-0.0105290715025314,9.77,-0.594914315179796,-0.656700379794908,-7.61368334586167,"Moving edge"
"edge",2,700,0.271059216013344,0.2225,2.82861596877619,0.380065332894294,0.0928333497029882,0.124243321490998,0.105097232648762,0.0574687958883769,-0.00905182107472325,9.64,-0.944914315179796,-0.406700379794908,-7.76368334586167,"Moving edge"
"edge",3,700,0.271893244370309,0.219285714285714,3.00072838565873,0.433005634978657,0.119582921984729,0.110714475150749,0.134056916604769,0.0378420453092333,-0.0146751098823467,9.45,-0.244914315179796,-0.906700379794908,-7.46368334586167,"Moving edge"
"edge",4,700,0.263552960800667,0.2325,2.85139301383174,0.446134154002916,0.0870697768131977,0.127639062007086,0.103151200486652,0.0420127978486071,-0.0252892111944012,9.3,-0.794914315179796,-0.956700379794908,-7.36368334586167,"Moving edge"
"sine",1,700,0.298582151793161,0.189285714285714,3.81088756812212,0.574022941237533,0.116668088505935,0.217228882612508,0.20547736804314,0.0126917166967882,0.0113874712570776,9.3,-0.681344946805643,-0.747115139458209,-8.49143811627133,"Sine-cosine"
"sine",2,700,0.253544620517098,0.25,2.54633169570543,0.41814732080745,0.0887920003329597,0.139973694710664,0.144666763870451,-0.00712293323849816,-0.00917027911184575,9.67,-1.03134494680564,-0.497115139458209,-8.64143811627133,"Sine-cosine"
"sine",3,700,0.26605504587156,0.239642857142857,3.04242612776892,0.417729284430622,0.0815636862316061,0.200212106332356,0.137422430635551,0.0200896146452394,0.000920428802538654,9.61,-0.331344946805643,-0.997115139458209,-8.34143811627133,"Sine-cosine"
"sine",4,700,0.281067556296914,0.231071428571429,3.11764808429099,0.464368391242045,0.110182779387227,0.198167572039661,0.187964014464196,-0.00525759356203359,-0.00796983326758388,9.39,-0.881344946805642,-1.04711513945821,-8.24143811627133,"Sine-cosine"
