"quantity","type","rank_split_Rhat","bulk_ESS","MCSE_mean","posterior_mean","posterior_sd","ESS_per_second","source","source_label"
"log_ell","hyperparameter",1.00282032135419,1491.04220910643,0.0131983574834603,-2.40534048992693,0.509641583187633,13.119597088486,"spike","Narrow spike"
"log_sigma_f","hyperparameter",1.00149492676116,1532.53811151074,0.00389123044117333,-2.8565293913898,0.152332508046742,13.4847172152287,"spike","Narrow spike"
"log_sigma_n","hyperparameter",1.0024309742195,1815.38908104013,0.00797156743484971,-10.7455525424011,0.339647626332822,15.9735070923021,"spike","Narrow spike"
"mu_f(0.25,0.25)","downstream_posterior_mean",1.00214028604886,1530.0800437417,5.91468411225193e-06,-0.00308007455822299,0.000231360189045801,13.4630888142693,"spike","Narrow spike"
"mu_f(0.5,0.5)","downstream_posterior_mean",1.00604543106457,1811.66693158415,1.85685831085087e-05,0.00963306862491613,0.000790347246157985,15.9407561072077,"spike","Narrow spike"
"mu_f(0.75,0.25)","downstream_posterior_mean",1.00172157928688,1811.68489041524,0.000265551982159568,0.246423580546374,0.0113029258523023,15.940914125959,"spike","Narrow spike"
"mu_f(0.75,0.75)","downstream_posterior_mean",1.00300210286463,1480.90779924769,3.1923491004032e-06,0.00185907634859424,0.000122849781355315,13.0304249823818,"spike","Narrow spike"
"log_ell","hyperparameter",1.00798780200874,572.485014120382,0.0193243110812859,-0.945291960816141,0.462366202951395,14.2338392372049,"mixture","Broad + sharp"
"log_sigma_f","hyperparameter",1.0034502897502,738.534932750491,0.00762875346619534,-1.43073028665888,0.207318998126898,18.362380227511,"mixture","Broad + sharp"
"log_sigma_n","hyperparameter",1.00247287759978,786.389585446775,0.00932070562478607,-8.70009633222624,0.261377180296183,19.5522025222967,"mixture","Broad + sharp"
"mu_f(0.25,0.25)","downstream_posterior_mean",1.00098825719722,832.070657754736,0.000119066962849798,0.0221931593832222,0.00343456214927587,20.6879825398989,"mixture","Broad + sharp"
"mu_f(0.5,0.5)","downstream_posterior_mean",1.00229386079976,799.145022839996,0.000465427676093339,0.396209887409276,0.0131572462806072,19.8693441780208,"mixture","Broad + sharp"
"mu_f(0.75,0.25)","downstream_posterior_mean",1.00142687819156,802.998694759005,0.00105721201021473,0.321870295899738,0.0299584615838863,19.9651589945053,"mixture","Broad + sharp"
"mu_f(0.75,0.75)","downstream_posterior_mean",1.00042366761786,870.635804085019,4.60531909415954e-05,0.0643287860311689,0.00135887024363184,21.646837495898,"mixture","Broad + sharp"
"log_ell","hyperparameter",1.00174388210517,794.260713469655,0.0148851122449333,-1.91207634238083,0.419501631968778,19.1896765757346,"dipole","Dipole"
"log_sigma_f","hyperparameter",1.00118964802241,900.519929677086,0.00513819529412207,-1.55649426194979,0.154190377398667,21.7569444232202,"dipole","Dipole"
"log_sigma_n","hyperparameter",1.00293616424342,619.541412828771,0.0137011032323592,-9.83957922774611,0.341028527218434,14.9683839775011,"dipole","Dipole"
"mu_f(0.25,0.25)","downstream_posterior_mean",1.00101663786748,797.644686611968,2.68278671874343e-05,-0.00823462276962727,0.000757688831946824,19.2714348057977,"dipole","Dipole"
"mu_f(0.5,0.5)","downstream_posterior_mean",1.00099156037387,733.783842816904,5.10110867008721e-05,0.0256802091102242,0.00138181100735256,17.7285296645785,"dipole","Dipole"
"mu_f(0.75,0.25)","downstream_posterior_mean",1.00161262767402,715.111855714023,3.46492735248647e-05,-0.0115791632702271,0.00092657616106468,17.2774065164055,"dipole","Dipole"
"mu_f(0.75,0.75)","downstream_posterior_mean",1.00253584201949,787.663206395744,2.35998136931727e-05,-0.0019177612867867,0.000662336751963499,19.030277999414,"dipole","Dipole"
"log_ell","hyperparameter",1.00497365103142,936.932751755178,0.0137439913387126,-1.89392222388434,0.420694741039152,22.6312258878062,"ring","Ring"
"log_sigma_f","hyperparameter",1.00402806587207,866.452385546841,0.00525395505301399,-1.26692984622169,0.154653126427554,20.928801583257,"ring","Ring"
"log_sigma_n","hyperparameter",1.00285350994595,903.319097124608,0.0111812343988565,-8.49707854943129,0.336054989466568,21.8193018629132,"ring","Ring"
"mu_f(0.25,0.25)","downstream_posterior_mean",1.00140493134889,972.862488323862,0.000469616871797729,0.0380568962214257,0.0146476994535553,23.4990939208662,"ring","Ring"
"mu_f(0.5,0.5)","downstream_posterior_mean",1.00207017425351,1070.05804010481,0.000594936933754886,-0.0410162775962307,0.0194614232598327,25.8468125629182,"ring","Ring"
"mu_f(0.75,0.25)","downstream_posterior_mean",1.00141277258177,973.172001870228,0.000488362780403856,0.0509231235317792,0.0152348211633244,23.5065700934838,"ring","Ring"
"mu_f(0.75,0.75)","downstream_posterior_mean",1.00149272989901,975.662346808793,0.000407835789886702,0.0740761407388908,0.0127389932447692,23.5667233528694,"ring","Ring"
"log_ell","hyperparameter",1.00330121386859,922.7872949067,0.01187009979787,-0.570123991773511,0.360582938434299,24.1820569944104,"edge","Moving edge"
"log_sigma_f","hyperparameter",1.00262985010205,885.025725403753,0.00590898023799367,-0.608629567696218,0.175788509935442,23.1924980451717,"edge","Moving edge"
"log_sigma_n","hyperparameter",1.00431752673418,941.552049532351,0.00671588293943193,-7.63901598528332,0.206074988430619,24.6737958472838,"edge","Moving edge"
"mu_f(0.25,0.25)","downstream_posterior_mean",1.00237365850221,899.552259327739,0.000565509520186714,-0.0424418138779731,0.0169610650537369,23.5731724142489,"edge","Moving edge"
"mu_f(0.5,0.5)","downstream_posterior_mean",1.00170518192909,899.835166547454,0.00137239079886432,0.766782454960942,0.0411679535280574,23.5805861254574,"edge","Moving edge"
"mu_f(0.75,0.25)","downstream_posterior_mean",1.00243647681741,905.503991364868,0.000357791814076623,0.990874420419968,0.0107665257792349,23.7291402349284,"edge","Moving edge"
"mu_f(0.75,0.75)","downstream_posterior_mean",1.00355043033128,945.409952172328,0.000147424834278279,1.04449052344363,0.0045329479590109,24.7748939248514,"edge","Moving edge"
"log_ell","hyperparameter",1.00270741790463,1012.84833434864,0.0118474681202463,-0.631850798569615,0.377048969235188,26.6749627165827,"sine","Sine-cosine"
"log_sigma_f","hyperparameter",1.00715067270926,921.876294848573,0.0059405049743444,-0.70195300899121,0.180368082253105,24.2790701830017,"sine","Sine-cosine"
"log_sigma_n","hyperparameter",1.00278644080767,620.251560819847,0.0105661537299299,-8.50687746825135,0.263148475268835,16.3353057893033,"sine","Sine-cosine"
"mu_f(0.25,0.25)","downstream_posterior_mean",1.00270859457931,575.976599211658,0.000185209423795278,-0.047063711409001,0.00444493587753364,15.169254653981,"sine","Sine-cosine"
"mu_f(0.5,0.5)","downstream_posterior_mean",1.0025688230345,586.551344753758,0.000566262115501288,-0.885638298533914,0.0137142014471424,15.4477573019162,"sine","Sine-cosine"
"mu_f(0.75,0.25)","downstream_posterior_mean",1.00260071428958,581.226089171589,0.000248078584904404,-0.0260876386547664,0.00598083506491883,15.3075082742057,"sine","Sine-cosine"
"mu_f(0.75,0.75)","downstream_posterior_mean",1.00272039349011,584.786308835954,9.64091997077516e-05,0.0131749573008264,0.00233140152347605,15.4012722895958,"sine","Sine-cosine"
