"eta","method","nominal","empirical_mean","empirical_mcse","empirical_q025","empirical_q975"
0.001,"Matern 0.5",0.5,0.838687289311917,0.000663191946635515,0.833551457465794,0.843984235574063
0.01,"Matern 0.5",0.5,0.799910767400357,0.00303037205017557,0.774739738251041,0.82065734681737
0.1,"Matern 0.5",0.5,0.733744794765021,0.00992002185001813,0.648061669641087,0.790960241919492
0.001,"Matern 1.5",0.5,0.677855443188578,0.00116585572845098,0.669368431489193,0.686972040452112
0.01,"Matern 1.5",0.5,0.664425936942296,0.0046157226812715,0.632312115804085,0.706419789807654
0.1,"Matern 1.5",0.5,0.598939123537577,0.0111805324970797,0.496004362482649,0.668607475708903
0.001,"Matern 2.5",0.5,0.629942494546897,0.000782850982683021,0.623527662105889,0.63546995835812
0.01,"Matern 2.5",0.5,0.621420781280984,0.00463277866317589,0.589453202458854,0.659141384096768
0.1,"Matern 2.5",0.5,0.560390640491771,0.0112689222691859,0.460707911957168,0.636300317271465
0.001,"RBF",0.5,0.571762839579615,0.00123350641058691,0.564128494943486,0.583876164981162
0.01,"RBF",0.5,0.545617687884196,0.00496913503418683,0.507411263137022,0.584813107277414
0.1,"RBF",0.5,0.499395201269086,0.0113007677383786,0.402391929407099,0.577503470156653
0.001,"Matern 0.5",0.6,0.870166567519334,0.000445466684098912,0.865935455086258,0.872647729526076
0.01,"Matern 0.5",0.6,0.847070196311719,0.00283101274787601,0.825951814396193,0.86521911560579
0.1,"Matern 0.5",0.6,0.800133848899465,0.00921469133622224,0.724638112234781,0.856461927424152
0.001,"Matern 1.5",0.6,0.71957664088836,0.00138390557338414,0.708400257783066,0.729360003965893
0.01,"Matern 1.5",0.6,0.726041046995836,0.00413491412151755,0.692209498314496,0.760031231409875
0.1,"Matern 1.5",0.6,0.674920682133651,0.0109568696399899,0.571430696014277,0.744088340273646
0.001,"Matern 2.5",0.6,0.660732698790403,0.00103185642101869,0.653276819353559,0.669009022407297
0.01,"Matern 2.5",0.6,0.683249058100337,0.00456527798851326,0.650156157049375,0.717811818362086
0.1,"Matern 2.5",0.6,0.636287923854848,0.011270218060517,0.529744199881023,0.714572179258378
0.001,"RBF",0.6,0.60755502676978,0.00134369906790895,0.599134939520127,0.619782371604204
0.01,"RBF",0.6,0.606499107674004,0.00468410623204388,0.571690957763236,0.640489292088043
0.1,"RBF",0.6,0.574360499702558,0.0117272764754625,0.468773547491573,0.658444874082887
0.001,"Matern 0.5",0.7,0.897808843942098,0.00035763272596147,0.895139302002776,0.90021068808249
0.01,"Matern 0.5",0.7,0.884706523894507,0.00228773092636162,0.865719809637121,0.900069403133056
0.1,"Matern 0.5",0.7,0.852201070791196,0.00822526713093245,0.787234780884394,0.904216240333135
0.001,"Matern 1.5",0.7,0.763543525679159,0.00134730014714708,0.753661015268689,0.772330458060678
0.01,"Matern 1.5",0.7,0.78053242117787,0.00366229333888331,0.750835316279992,0.810695518540551
0.1,"Matern 1.5",0.7,0.740442197104898,0.00998369283710799,0.651068312512393,0.808610945865556
0.001,"Matern 2.5",0.7,0.693000198294666,0.00126651079979791,0.683774538964902,0.701564049177077
0.01,"Matern 2.5",0.7,0.739961332540155,0.00419451056446621,0.705180448145945,0.768421574459647
0.1,"Matern 2.5",0.7,0.703732897085068,0.010401623139384,0.60708407693833,0.778338786436645
0.001,"RBF",0.7,0.636342454887964,0.00150139305401428,0.627173805274638,0.649920682133651
0.01,"RBF",0.7,0.663191552647234,0.00437369628706171,0.633343248066627,0.690072873289709
0.1,"RBF",0.7,0.644690660321237,0.0113722495303543,0.537720602815784,0.726997818758675
0.001,"Matern 0.5",0.8,0.924771961134246,0.000109529523719972,0.923901943287726,0.925550267697799
0.01,"Matern 0.5",0.8,0.916101526868927,0.00153639813271765,0.902701764822526,0.924120067420186
0.1,"Matern 0.5",0.8,0.895176482252627,0.00719172694522154,0.832210489787825,0.942368134047194
0.001,"Matern 1.5",0.8,0.814629188974817,0.000831216955078297,0.808291195716835,0.820751536783661
0.01,"Matern 1.5",0.8,0.828023993654571,0.00326733219039914,0.800272655165576,0.851836704342653
0.1,"Matern 1.5",0.8,0.798889549871108,0.00842660360420949,0.729404620265715,0.865328177672021
0.001,"Matern 2.5",0.8,0.737338885583978,0.00139218643192012,0.728135534404125,0.745342554035296
0.01,"Matern 2.5",0.8,0.792801903628792,0.00361958598234297,0.762338885583978,0.818178663493952
0.1,"Matern 2.5",0.8,0.765551259171128,0.00923411742325161,0.681908090422368,0.834741225461035
0.001,"RBF",0.8,0.670196311719215,0.00148639920010527,0.661508526670632,0.683811719214753
0.01,"RBF",0.8,0.72006246281975,0.0040096645409022,0.689190462026571,0.745367340868531
0.1,"RBF",0.8,0.712061273051755,0.010396095536603,0.611910073369026,0.789495340075352
0.001,"Matern 0.5",0.9,0.944408090422368,0.000143696139147528,0.94322080111045,0.945275629585564
0.01,"Matern 0.5",0.9,0.943163791394012,0.000966097587648321,0.935095677176284,0.949846321633948
0.1,"Matern 0.5",0.9,0.931092603608963,0.00585368901183088,0.877248165774341,0.970952310132857
0.001,"Matern 1.5",0.9,0.856717231806464,0.000446671490816863,0.853100832837597,0.859971743010113
0.01,"Matern 1.5",0.9,0.875337100931985,0.00253266081109805,0.855316775728733,0.892132659131469
0.1,"Matern 1.5",0.9,0.852260559190958,0.00757489550997475,0.788337794963315,0.913409676779695
0.001,"Matern 2.5",0.9,0.784637120761452,0.00152683292405318,0.774258873686298,0.796710787229823
0.01,"Matern 2.5",0.9,0.845320245885386,0.00310963869650753,0.816498116200674,0.865833829069998
0.1,"Matern 2.5",0.9,0.824752131667658,0.00812504115442922,0.756209101725164,0.893099345627603
0.001,"RBF",0.9,0.717033511798533,0.00166735786016488,0.705071386079714,0.732004759071981
0.01,"RBF",0.9,0.783080507634345,0.00380068064138263,0.74853509815586,0.803901447551061
0.1,"RBF",0.9,0.780453103311521,0.00926266490799657,0.695265714852271,0.852691850089233
0.001,"Matern 0.5",0.95,0.956028157842554,0.000123855867226916,0.95502429109657,0.956875867539163
0.01,"Matern 0.5",0.95,0.958353162799921,0.000692257644191362,0.953975808050763,0.963664981162007
0.1,"Matern 0.5",0.95,0.948497917906008,0.00461839008450738,0.90783759666865,0.982500495736665
0.001,"Matern 1.5",0.95,0.87780586952211,0.000260882852953811,0.875743604997026,0.87973428514773
0.01,"Matern 1.5",0.95,0.901824310926036,0.00192331300237632,0.886025183422566,0.915243902439024
0.1,"Matern 1.5",0.95,0.883159825500694,0.00726784254650863,0.823651596272061,0.943483541542733
0.001,"Matern 2.5",0.95,0.813166765813999,0.00155950708132059,0.802399365457069,0.825262740432282
0.01,"Matern 2.5",0.95,0.876462423160817,0.00253502657578949,0.853296648820147,0.89320592901051
0.1,"Matern 2.5",0.95,0.858938132064248,0.00770316942161325,0.794608863771564,0.925575054531033
0.001,"RBF",0.95,0.745459052151497,0.00176327541946443,0.733085465000991,0.761689470553242
0.01,"RBF",0.95,0.822204045211184,0.0037222068247635,0.785782272456871,0.842209498314495
0.1,"RBF",0.95,0.819789807654174,0.00858916835623021,0.744898869720405,0.892551556613127
0.001,"Matern 0.5",0.975,0.965243902439024,8.49478557187601e-05,0.964745687091017,0.965950327186199
0.01,"Matern 0.5",0.975,0.968015070394606,0.000607210584618954,0.963729426928415,0.972984830458061
0.1,"Matern 0.5",0.975,0.959156256196708,0.00369800927159451,0.929959845330161,0.989344140392624
0.001,"Matern 1.5",0.975,0.894422962522308,0.000312893370506489,0.891842653182629,0.89639599444775
0.01,"Matern 1.5",0.975,0.919239539956375,0.00151629537082967,0.906940313305572,0.930852171326591
0.1,"Matern 1.5",0.975,0.901031132262542,0.00640757960861109,0.848983739837398,0.955666270077335
0.001,"Matern 2.5",0.975,0.833739837398374,0.00157253223822191,0.822117291294864,0.845974618282768
0.01,"Matern 2.5",0.975,0.896683521713266,0.00198688873894716,0.878794864168154,0.909894903827087
0.1,"Matern 2.5",0.975,0.879947451913544,0.00720886225488076,0.821056414832441,0.94128494943486
0.001,"RBF",0.975,0.762442990283561,0.00177179188008106,0.750228038865755,0.779045211183819
0.01,"RBF",0.975,0.848944080904224,0.00344771612069361,0.815286040055523,0.865962720602816
0.1,"RBF",0.975,0.844918699186992,0.00793363328365746,0.777471247273448,0.91358070592901
0.001,"Matern 0.5",0.99,0.973036882807853,0.000119166897473863,0.972233789411065,0.97402835613722
0.01,"Matern 0.5",0.99,0.976774737259568,0.000503188459220042,0.973383898473131,0.980956276026175
0.1,"Matern 0.5",0.99,0.969125520523498,0.00286824097088935,0.949781875867539,0.993877652191156
0.001,"Matern 1.5",0.99,0.914683720007932,0.000262171220021358,0.91318907396391,0.916825302399366
0.01,"Matern 1.5",0.99,0.935088241126314,0.00114256504744668,0.927575351973032,0.944296549672814
0.1,"Matern 1.5",0.99,0.917063255998414,0.00556804376677593,0.871061372199088,0.966341959151299
0.001,"Matern 2.5",0.99,0.854367440015864,0.00160556941996444,0.84206077731509,0.865360400555225
0.01,"Matern 2.5",0.99,0.915437239738251,0.00161432056760185,0.901673111243308,0.926896192742415
0.1,"Matern 2.5",0.99,0.89767995240928,0.00637933095151188,0.847893119175094,0.952833135038667
0.001,"RBF",0.99,0.778549474519135,0.00185506467209207,0.766780686099544,0.79612086059885
0.01,"RBF",0.99,0.873438429506246,0.00294437181207454,0.84621505056514,0.890786734086853
0.1,"RBF",0.99,0.867410271663692,0.00721129062566148,0.807217925837795,0.928908883601031
